/*
 Navicat Premium Data Transfer

 Source Server         : mysql local
 Source Server Type    : MySQL
 Source Server Version : 100424 (10.4.24-MariaDB)
 Source Host           : localhost:3306
 Source Schema         : pemesanan_kendaraan

 Target Server Type    : MySQL
 Target Server Version : 100424 (10.4.24-MariaDB)
 File Encoding         : 65001

 Date: 22/03/2023 11:01:45
*/

SET NAMES utf8mb4;
SET FOREIGN_KEY_CHECKS = 0;

-- ----------------------------
-- Table structure for approvals
-- ----------------------------
DROP TABLE IF EXISTS `approvals`;
CREATE TABLE `approvals`  (
  `id` bigint UNSIGNED NOT NULL AUTO_INCREMENT,
  `booking_id` bigint UNSIGNED NOT NULL,
  `user_id` bigint UNSIGNED NOT NULL,
  `status` varchar(50) CHARACTER SET utf8mb4 COLLATE utf8mb4_unicode_ci NOT NULL,
  `created_at` timestamp NULL DEFAULT NULL,
  `updated_at` timestamp NULL DEFAULT NULL,
  PRIMARY KEY (`id`) USING BTREE,
  INDEX `approvals_booking_id_index`(`booking_id` ASC) USING BTREE,
  INDEX `approvals_user_id_index`(`user_id` ASC) USING BTREE,
  CONSTRAINT `approvals_booking_id_foreign` FOREIGN KEY (`booking_id`) REFERENCES `vehicles` (`id`) ON DELETE RESTRICT ON UPDATE RESTRICT,
  CONSTRAINT `approvals_user_id_foreign` FOREIGN KEY (`user_id`) REFERENCES `drivers` (`id`) ON DELETE RESTRICT ON UPDATE RESTRICT
) ENGINE = InnoDB AUTO_INCREMENT = 101 CHARACTER SET = utf8mb4 COLLATE = utf8mb4_unicode_ci ROW_FORMAT = Dynamic;

-- ----------------------------
-- Records of approvals
-- ----------------------------
INSERT INTO `approvals` VALUES (1, 37, 3, '0', '2013-01-25 14:39:02', '2009-11-04 08:58:11');
INSERT INTO `approvals` VALUES (2, 28, 2, '1', '2011-12-13 14:16:17', '2013-02-05 06:17:43');
INSERT INTO `approvals` VALUES (3, 2, 1, '0', '2014-05-02 19:41:45', '2020-08-31 08:05:22');
INSERT INTO `approvals` VALUES (4, 50, 2, '2', '2018-09-24 03:54:23', '2021-03-31 21:34:36');
INSERT INTO `approvals` VALUES (5, 32, 2, '1', '2013-09-20 22:50:48', '2014-06-28 14:19:21');
INSERT INTO `approvals` VALUES (6, 10, 3, '1', '2002-01-15 20:56:44', '2023-02-05 07:26:09');
INSERT INTO `approvals` VALUES (7, 46, 2, '1', '2009-11-10 03:18:10', '2010-06-28 14:16:07');
INSERT INTO `approvals` VALUES (8, 4, 2, '1', '2006-08-11 23:04:50', '2008-04-29 21:25:41');
INSERT INTO `approvals` VALUES (9, 23, 2, '0', '2020-08-17 20:35:23', '2018-05-20 16:16:15');
INSERT INTO `approvals` VALUES (10, 31, 1, '2', '2014-04-20 11:20:11', '2019-03-09 01:15:44');
INSERT INTO `approvals` VALUES (11, 48, 1, '0', '2000-06-07 17:54:42', '2017-01-07 03:52:51');
INSERT INTO `approvals` VALUES (12, 14, 2, '1', '2006-01-09 03:33:50', '2016-02-02 05:43:00');
INSERT INTO `approvals` VALUES (13, 40, 4, '0', '2014-04-26 03:01:17', '2012-03-28 01:32:33');
INSERT INTO `approvals` VALUES (14, 29, 4, '2', '2007-08-28 11:11:57', '2008-12-25 13:08:23');
INSERT INTO `approvals` VALUES (15, 10, 1, '1', '2013-09-29 09:31:28', '2015-07-10 00:00:43');
INSERT INTO `approvals` VALUES (16, 29, 2, '0', '2003-12-11 08:26:06', '2008-02-05 16:17:22');
INSERT INTO `approvals` VALUES (17, 39, 1, '2', '2006-03-16 17:42:43', '2000-03-27 11:14:35');
INSERT INTO `approvals` VALUES (18, 39, 3, '0', '2012-03-09 16:57:06', '2008-09-01 04:42:02');
INSERT INTO `approvals` VALUES (19, 23, 1, '0', '2002-12-15 00:11:09', '2011-11-03 11:23:51');
INSERT INTO `approvals` VALUES (20, 1, 1, '1', '2001-11-15 07:15:18', '2013-12-05 19:51:00');
INSERT INTO `approvals` VALUES (21, 10, 1, '1', '2012-09-15 03:19:36', '2017-05-11 14:23:51');
INSERT INTO `approvals` VALUES (22, 33, 2, '0', '2014-05-29 14:04:10', '2017-07-04 19:49:55');
INSERT INTO `approvals` VALUES (23, 11, 3, '2', '2002-12-30 07:40:40', '2017-03-26 03:19:03');
INSERT INTO `approvals` VALUES (24, 36, 4, '1', '2017-05-11 15:46:13', '2018-09-16 18:01:54');
INSERT INTO `approvals` VALUES (25, 15, 4, '1', '2000-08-10 17:00:41', '2008-10-19 19:35:29');
INSERT INTO `approvals` VALUES (26, 42, 2, '1', '2017-08-04 17:24:19', '2021-06-21 22:35:11');
INSERT INTO `approvals` VALUES (27, 9, 3, '2', '2008-11-13 19:42:26', '2018-06-02 22:34:02');
INSERT INTO `approvals` VALUES (28, 16, 4, '2', '2000-07-17 06:05:32', '2017-05-05 10:11:39');
INSERT INTO `approvals` VALUES (29, 40, 3, '0', '2014-06-29 13:07:27', '2019-06-03 02:28:52');
INSERT INTO `approvals` VALUES (30, 40, 1, '0', '2003-10-08 18:37:48', '2003-05-04 00:50:34');
INSERT INTO `approvals` VALUES (31, 21, 1, '2', '2018-09-25 04:17:40', '2019-04-28 13:15:56');
INSERT INTO `approvals` VALUES (32, 24, 3, '2', '2021-02-15 22:52:45', '2009-12-12 01:43:58');
INSERT INTO `approvals` VALUES (33, 18, 2, '2', '2007-04-29 21:03:45', '2001-07-02 18:15:07');
INSERT INTO `approvals` VALUES (34, 44, 2, '0', '2017-12-11 01:24:04', '2001-04-10 04:56:37');
INSERT INTO `approvals` VALUES (35, 11, 3, '0', '2014-11-02 13:03:43', '2008-05-28 11:35:17');
INSERT INTO `approvals` VALUES (36, 17, 1, '0', '2000-02-22 05:29:44', '2001-03-06 06:01:12');
INSERT INTO `approvals` VALUES (37, 39, 3, '1', '2015-12-31 17:53:11', '2014-04-13 12:21:54');
INSERT INTO `approvals` VALUES (38, 17, 2, '1', '2003-10-31 11:37:49', '2019-06-07 12:26:09');
INSERT INTO `approvals` VALUES (39, 3, 4, '1', '2003-02-05 03:02:54', '2006-07-08 18:31:04');
INSERT INTO `approvals` VALUES (40, 7, 3, '1', '2011-01-17 05:16:27', '2005-07-05 21:41:22');
INSERT INTO `approvals` VALUES (41, 16, 2, '1', '2005-03-23 01:05:31', '2000-08-29 22:18:15');
INSERT INTO `approvals` VALUES (42, 50, 3, '2', '2007-10-02 01:59:23', '2009-08-07 06:45:10');
INSERT INTO `approvals` VALUES (43, 3, 2, '2', '2010-12-20 22:45:47', '2008-06-14 16:38:58');
INSERT INTO `approvals` VALUES (44, 23, 1, '1', '2013-03-14 09:06:48', '2009-02-13 17:38:24');
INSERT INTO `approvals` VALUES (45, 8, 3, '2', '2010-11-09 06:56:59', '2022-04-16 16:29:15');
INSERT INTO `approvals` VALUES (46, 47, 4, '0', '2015-01-17 02:52:34', '2003-08-02 23:14:00');
INSERT INTO `approvals` VALUES (47, 16, 3, '1', '2010-08-13 17:48:47', '2016-09-11 17:33:51');
INSERT INTO `approvals` VALUES (48, 29, 4, '1', '2000-07-28 10:39:47', '2014-08-26 14:13:19');
INSERT INTO `approvals` VALUES (49, 36, 4, '0', '2007-11-17 22:49:28', '2019-11-05 18:11:48');
INSERT INTO `approvals` VALUES (50, 2, 3, '1', '2006-01-13 02:15:23', '2005-06-22 10:56:52');
INSERT INTO `approvals` VALUES (51, 5, 2, '2', '2003-05-04 10:43:03', '2005-07-07 00:45:43');
INSERT INTO `approvals` VALUES (52, 45, 3, '0', '2001-03-13 12:11:55', '2007-09-14 08:05:04');
INSERT INTO `approvals` VALUES (53, 39, 4, '1', '2006-10-23 11:05:47', '2010-03-30 21:59:26');
INSERT INTO `approvals` VALUES (54, 41, 3, '1', '2013-12-04 12:07:11', '2001-04-25 16:12:58');
INSERT INTO `approvals` VALUES (55, 7, 4, '1', '2004-09-25 17:12:46', '2016-08-14 16:38:38');
INSERT INTO `approvals` VALUES (56, 43, 2, '1', '2014-06-05 21:22:28', '2002-02-22 05:07:56');
INSERT INTO `approvals` VALUES (57, 23, 3, '0', '2009-08-17 09:16:36', '2010-02-09 15:05:30');
INSERT INTO `approvals` VALUES (58, 50, 3, '2', '2005-12-10 05:26:57', '2015-06-17 13:24:34');
INSERT INTO `approvals` VALUES (59, 22, 4, '1', '2000-09-01 17:19:33', '2005-07-06 11:41:07');
INSERT INTO `approvals` VALUES (60, 9, 1, '2', '2014-09-02 11:30:41', '2007-02-23 00:13:07');
INSERT INTO `approvals` VALUES (61, 44, 1, '1', '2022-03-16 06:03:03', '2001-06-01 02:25:37');
INSERT INTO `approvals` VALUES (62, 13, 1, '2', '2015-11-01 09:59:51', '2020-03-07 17:10:45');
INSERT INTO `approvals` VALUES (63, 20, 4, '1', '2021-08-29 16:29:50', '2019-06-24 22:56:43');
INSERT INTO `approvals` VALUES (64, 40, 1, '1', '2009-08-05 13:47:17', '2012-09-09 04:54:59');
INSERT INTO `approvals` VALUES (65, 24, 1, '0', '2020-07-24 18:05:26', '2022-09-17 08:21:21');
INSERT INTO `approvals` VALUES (66, 7, 3, '1', '2018-05-11 00:53:02', '2003-11-18 15:23:06');
INSERT INTO `approvals` VALUES (67, 19, 3, '2', '2006-01-29 21:45:22', '2020-02-04 07:13:25');
INSERT INTO `approvals` VALUES (68, 39, 3, '2', '2001-11-03 14:39:41', '2021-02-11 06:38:17');
INSERT INTO `approvals` VALUES (69, 27, 3, '0', '2020-08-22 04:26:06', '2015-10-08 13:00:16');
INSERT INTO `approvals` VALUES (70, 34, 3, '2', '2010-04-08 23:37:06', '2021-10-16 14:39:09');
INSERT INTO `approvals` VALUES (71, 33, 3, '1', '2009-06-22 13:15:00', '2004-06-26 16:55:49');
INSERT INTO `approvals` VALUES (72, 5, 1, '2', '2022-02-17 20:01:42', '2002-05-23 04:20:43');
INSERT INTO `approvals` VALUES (73, 15, 3, '2', '2007-03-21 23:24:40', '2001-07-28 14:29:12');
INSERT INTO `approvals` VALUES (74, 6, 4, '2', '2011-02-21 18:11:16', '2002-03-17 19:36:55');
INSERT INTO `approvals` VALUES (75, 16, 3, '1', '2006-12-08 16:10:19', '2001-03-23 20:58:50');
INSERT INTO `approvals` VALUES (76, 15, 4, '0', '2005-06-03 04:41:35', '2016-03-10 13:59:11');
INSERT INTO `approvals` VALUES (77, 23, 3, '2', '2003-03-07 02:36:26', '2001-03-21 15:28:39');
INSERT INTO `approvals` VALUES (78, 20, 1, '1', '2012-10-03 07:45:59', '2009-11-08 23:26:31');
INSERT INTO `approvals` VALUES (79, 6, 4, '1', '2011-04-25 14:28:00', '2021-02-10 14:06:41');
INSERT INTO `approvals` VALUES (80, 9, 1, '1', '2012-03-28 11:36:56', '2017-07-10 15:37:54');
INSERT INTO `approvals` VALUES (81, 1, 3, '0', '2018-07-06 07:33:26', '2002-01-22 08:58:12');
INSERT INTO `approvals` VALUES (82, 8, 4, '1', '2018-08-28 04:08:05', '2000-11-12 09:50:22');
INSERT INTO `approvals` VALUES (83, 49, 2, '2', '2010-06-03 18:26:41', '2015-04-01 20:02:15');
INSERT INTO `approvals` VALUES (84, 11, 2, '1', '2008-12-06 13:54:42', '2012-09-16 20:24:16');
INSERT INTO `approvals` VALUES (85, 41, 2, '0', '2012-06-04 17:43:36', '2014-02-20 07:05:08');
INSERT INTO `approvals` VALUES (86, 9, 4, '2', '2016-06-28 02:41:02', '2002-01-03 03:01:02');
INSERT INTO `approvals` VALUES (87, 14, 2, '1', '2011-08-08 21:40:29', '2004-04-01 01:49:44');
INSERT INTO `approvals` VALUES (88, 37, 1, '0', '2020-09-23 00:32:40', '2007-07-27 04:28:58');
INSERT INTO `approvals` VALUES (89, 50, 4, '1', '2005-07-27 17:14:46', '2018-06-08 09:50:48');
INSERT INTO `approvals` VALUES (90, 39, 3, '0', '2001-10-28 20:21:18', '2009-12-04 20:38:33');
INSERT INTO `approvals` VALUES (91, 3, 3, '2', '2010-03-15 06:13:34', '2006-08-19 14:28:48');
INSERT INTO `approvals` VALUES (92, 42, 2, '0', '2006-01-07 13:03:38', '2006-10-15 11:09:18');
INSERT INTO `approvals` VALUES (93, 1, 1, '2', '2020-11-13 09:00:25', '2017-10-29 22:30:35');
INSERT INTO `approvals` VALUES (94, 4, 3, '1', '2009-01-10 09:33:50', '2011-06-29 14:33:10');
INSERT INTO `approvals` VALUES (95, 36, 1, '0', '2010-07-28 03:23:52', '2008-07-25 04:37:20');
INSERT INTO `approvals` VALUES (96, 17, 1, '2', '2009-01-04 03:03:31', '2022-01-25 06:39:43');
INSERT INTO `approvals` VALUES (97, 12, 2, '2', '2013-06-09 22:45:25', '2022-04-03 11:56:17');
INSERT INTO `approvals` VALUES (98, 6, 4, '0', '2020-07-21 21:35:29', '2008-04-14 12:52:30');
INSERT INTO `approvals` VALUES (99, 45, 1, '1', '2019-06-30 08:58:36', '2015-04-16 21:10:57');
INSERT INTO `approvals` VALUES (100, 3, 2, '1', '2000-12-11 11:30:21', '2014-02-05 13:39:18');

-- ----------------------------
-- Table structure for bookings
-- ----------------------------
DROP TABLE IF EXISTS `bookings`;
CREATE TABLE `bookings`  (
  `id` bigint UNSIGNED NOT NULL AUTO_INCREMENT,
  `vehicle_id` bigint UNSIGNED NOT NULL,
  `driver_id` bigint UNSIGNED NOT NULL,
  `start` date NOT NULL,
  `finish` date NOT NULL,
  `information` varchar(255) CHARACTER SET utf8mb4 COLLATE utf8mb4_unicode_ci NOT NULL,
  `created_at` timestamp NULL DEFAULT NULL,
  `updated_at` timestamp NULL DEFAULT NULL,
  PRIMARY KEY (`id`) USING BTREE,
  INDEX `bookings_vehicle_id_index`(`vehicle_id` ASC) USING BTREE,
  INDEX `bookings_driver_id_index`(`driver_id` ASC) USING BTREE,
  CONSTRAINT `bookings_driver_id_foreign` FOREIGN KEY (`driver_id`) REFERENCES `drivers` (`id`) ON DELETE RESTRICT ON UPDATE RESTRICT,
  CONSTRAINT `bookings_vehicle_id_foreign` FOREIGN KEY (`vehicle_id`) REFERENCES `vehicles` (`id`) ON DELETE RESTRICT ON UPDATE RESTRICT
) ENGINE = InnoDB AUTO_INCREMENT = 51 CHARACTER SET = utf8mb4 COLLATE = utf8mb4_unicode_ci ROW_FORMAT = Dynamic;

-- ----------------------------
-- Records of bookings
-- ----------------------------
INSERT INTO `bookings` VALUES (1, 80, 33, '2023-03-20', '2023-11-09', 'mxLSc2uwxy', '2003-10-15 15:23:15', '2000-03-09 20:51:39');
INSERT INTO `bookings` VALUES (2, 60, 43, '2023-08-28', '2023-11-27', '54lIOlTf4Z', '2017-11-12 11:36:20', '2015-03-12 01:57:12');
INSERT INTO `bookings` VALUES (3, 57, 40, '2023-07-01', '2023-11-11', 'wpdcO74Jod', '2006-10-07 22:55:25', '2002-08-04 13:27:23');
INSERT INTO `bookings` VALUES (4, 13, 3, '2023-04-16', '2023-10-17', 'FMVnEO1Mf5', '2015-07-20 09:42:44', '2001-12-11 12:21:19');
INSERT INTO `bookings` VALUES (5, 56, 27, '2023-03-17', '2023-04-26', 'y4WPhSLnA6', '2004-09-10 20:33:34', '2000-07-25 11:21:29');
INSERT INTO `bookings` VALUES (6, 42, 2, '2023-05-16', '2023-11-21', 'tIsiqogygG', '2015-05-15 18:23:08', '2004-12-14 01:18:42');
INSERT INTO `bookings` VALUES (7, 31, 6, '2023-07-09', '2023-01-19', 'HC1wtUZ1jb', '2015-12-04 15:35:06', '2011-02-12 14:04:22');
INSERT INTO `bookings` VALUES (8, 7, 26, '2023-06-15', '2023-12-01', '8nRkuI1nmc', '2008-09-03 22:56:14', '2000-09-30 07:01:53');
INSERT INTO `bookings` VALUES (9, 33, 10, '2023-09-29', '2023-04-24', 'r0jCnrsV4P', '2015-09-17 17:43:50', '2018-06-26 19:29:56');
INSERT INTO `bookings` VALUES (10, 41, 40, '2023-01-30', '2023-12-03', '3D4AMa95d7', '2014-04-15 00:26:42', '2001-06-16 12:23:06');
INSERT INTO `bookings` VALUES (11, 18, 17, '2023-08-16', '2023-03-16', 'tUE9vX64nO', '2003-12-20 13:31:36', '2020-10-29 19:45:12');
INSERT INTO `bookings` VALUES (12, 100, 38, '2023-11-17', '2023-03-03', 'SUTaH0250V', '2012-10-14 10:50:06', '2023-03-05 00:28:21');
INSERT INTO `bookings` VALUES (13, 23, 41, '2023-11-03', '2023-06-04', 'xB0QRpcxug', '2011-08-19 07:57:23', '2010-06-01 09:37:41');
INSERT INTO `bookings` VALUES (14, 33, 45, '2023-07-05', '2023-08-18', 'myKEGfmrxx', '2018-05-09 10:47:31', '2013-01-25 03:08:56');
INSERT INTO `bookings` VALUES (15, 19, 37, '2023-11-29', '2023-10-19', 'KeDmj74ija', '2015-01-15 04:35:34', '2014-09-25 18:06:00');
INSERT INTO `bookings` VALUES (16, 68, 43, '2023-03-12', '2023-07-18', '03XGA1i0C8', '2015-12-18 06:05:03', '2019-11-17 15:41:18');
INSERT INTO `bookings` VALUES (17, 50, 3, '2023-08-14', '2023-10-13', 'IrheOpJ2Dq', '2022-06-16 08:48:39', '2004-06-09 19:39:38');
INSERT INTO `bookings` VALUES (18, 98, 6, '2023-03-31', '2023-03-14', '01yHk1xwEX', '2013-03-09 18:45:29', '2019-11-28 02:02:19');
INSERT INTO `bookings` VALUES (19, 14, 14, '2023-06-27', '2023-08-22', 'CUrwVMsy6J', '2016-12-27 12:52:44', '2014-06-07 08:46:36');
INSERT INTO `bookings` VALUES (20, 68, 20, '2023-03-05', '2023-05-03', 'z4DcnridvU', '2021-11-18 02:14:20', '2005-07-09 22:44:48');
INSERT INTO `bookings` VALUES (21, 22, 35, '2023-03-04', '2023-07-24', 'Q4S23XyfDS', '2022-12-08 02:44:48', '2014-08-10 06:07:39');
INSERT INTO `bookings` VALUES (22, 3, 31, '2023-05-17', '2023-08-17', '6d8B3WwheJ', '2017-03-03 11:22:15', '2000-12-28 00:17:42');
INSERT INTO `bookings` VALUES (23, 100, 9, '2023-07-07', '2023-01-16', 'FzF04XlmlW', '2022-04-15 17:46:16', '2022-11-24 16:06:12');
INSERT INTO `bookings` VALUES (24, 88, 17, '2023-09-20', '2023-11-19', 'mNbHI1Eeh3', '2014-08-12 18:36:45', '2000-09-01 20:01:40');
INSERT INTO `bookings` VALUES (25, 42, 20, '2023-10-25', '2023-06-24', 'kqEJRw8uMY', '2002-05-25 22:25:01', '2018-01-30 07:24:09');
INSERT INTO `bookings` VALUES (26, 97, 42, '2023-01-12', '2023-09-18', 'EjrSrbC9pe', '2000-11-01 22:37:07', '2013-08-21 02:56:08');
INSERT INTO `bookings` VALUES (27, 54, 36, '2023-04-02', '2023-01-05', 'WtvHHNv3zv', '2012-10-22 20:44:45', '2015-10-02 16:55:58');
INSERT INTO `bookings` VALUES (28, 64, 11, '2023-01-11', '2023-02-08', 'KP5BROZpfl', '2004-12-06 21:34:02', '2018-05-28 13:45:28');
INSERT INTO `bookings` VALUES (29, 28, 30, '2023-05-09', '2023-12-10', 'MbHmGjfIOR', '2001-02-04 06:55:54', '2004-02-11 12:31:41');
INSERT INTO `bookings` VALUES (30, 22, 34, '2023-06-14', '2023-12-07', 'AZtdYPXipS', '2008-06-18 18:25:08', '2014-10-16 19:30:47');
INSERT INTO `bookings` VALUES (31, 14, 44, '2023-12-01', '2023-11-29', 'Diqs0SMlnB', '2022-10-20 21:49:30', '2019-01-03 03:46:49');
INSERT INTO `bookings` VALUES (32, 42, 9, '2023-11-24', '2023-02-20', 'JMNc09xNGu', '2012-02-01 19:45:22', '2013-04-27 06:54:20');
INSERT INTO `bookings` VALUES (33, 68, 25, '2023-05-09', '2023-03-02', 'VD9tpU9SNS', '2019-11-04 03:00:48', '2011-10-26 17:25:23');
INSERT INTO `bookings` VALUES (34, 17, 9, '2023-11-13', '2023-03-13', '2akBPl0qNy', '2020-08-14 08:50:10', '2003-06-27 05:15:02');
INSERT INTO `bookings` VALUES (35, 93, 49, '2023-05-29', '2023-09-14', 'D4s7it0oJ7', '2022-11-05 17:59:50', '2022-09-17 10:37:40');
INSERT INTO `bookings` VALUES (36, 73, 5, '2023-06-13', '2023-03-18', 'sw3TGzTBdS', '2019-05-23 00:06:02', '2013-11-08 20:40:16');
INSERT INTO `bookings` VALUES (37, 97, 7, '2023-10-22', '2023-10-11', '9x1GrfDxgD', '2020-11-29 20:52:19', '2018-02-26 07:45:28');
INSERT INTO `bookings` VALUES (38, 60, 41, '2023-06-11', '2023-03-06', 'IFA8lWdqv8', '2014-03-01 15:21:06', '2003-01-09 07:29:45');
INSERT INTO `bookings` VALUES (39, 66, 41, '2023-04-14', '2023-09-02', '9Yv5MI7Cy7', '2022-04-16 16:14:15', '2000-01-31 10:28:23');
INSERT INTO `bookings` VALUES (40, 65, 21, '2023-03-11', '2023-01-24', 'nVFtlNicaV', '2000-12-06 12:15:15', '2006-11-18 16:49:02');
INSERT INTO `bookings` VALUES (41, 97, 42, '2023-01-14', '2023-10-09', 'Sap7q9Qzpw', '2005-01-10 12:19:58', '2017-01-27 03:15:15');
INSERT INTO `bookings` VALUES (42, 97, 15, '2023-03-06', '2023-06-05', 'WeFxO6EkFY', '2009-04-11 10:18:10', '2010-08-20 06:59:32');
INSERT INTO `bookings` VALUES (43, 90, 28, '2023-05-06', '2023-11-04', '2I9o41F6GM', '2008-11-26 10:50:53', '2010-10-26 08:37:29');
INSERT INTO `bookings` VALUES (44, 89, 41, '2023-03-30', '2023-01-30', 'pdqSeouEc2', '2006-07-18 01:40:49', '2008-04-26 03:28:49');
INSERT INTO `bookings` VALUES (45, 58, 32, '2023-04-03', '2023-11-16', 'E6Qfklw04R', '2000-11-12 00:08:57', '2013-03-23 14:48:35');
INSERT INTO `bookings` VALUES (46, 8, 37, '2023-01-14', '2023-07-03', 'lE2gYPyEkh', '2002-11-19 17:33:13', '2018-11-30 01:37:08');
INSERT INTO `bookings` VALUES (47, 62, 30, '2023-11-29', '2023-11-09', 'nuwi0Zc9Pa', '2007-11-12 10:06:00', '2001-04-05 16:34:30');
INSERT INTO `bookings` VALUES (48, 33, 5, '2023-02-06', '2023-04-14', 'qwPKAs4xz9', '2011-01-13 07:51:50', '2014-01-14 09:06:46');
INSERT INTO `bookings` VALUES (49, 81, 19, '2023-02-05', '2023-03-08', '3fCp8qQZkE', '2021-06-05 07:55:23', '2002-07-30 19:37:48');
INSERT INTO `bookings` VALUES (50, 8, 25, '2023-01-25', '2023-06-25', 'HOtBPurD4E', '2004-05-17 14:26:02', '2019-04-29 07:55:39');

-- ----------------------------
-- Table structure for drivers
-- ----------------------------
DROP TABLE IF EXISTS `drivers`;
CREATE TABLE `drivers`  (
  `id` bigint UNSIGNED NOT NULL AUTO_INCREMENT,
  `name` varchar(50) CHARACTER SET utf8mb4 COLLATE utf8mb4_unicode_ci NOT NULL,
  `license` varchar(20) CHARACTER SET utf8mb4 COLLATE utf8mb4_unicode_ci NOT NULL,
  `status` varchar(20) CHARACTER SET utf8mb4 COLLATE utf8mb4_unicode_ci NOT NULL,
  `created_at` timestamp NULL DEFAULT NULL,
  `updated_at` timestamp NULL DEFAULT NULL,
  PRIMARY KEY (`id`) USING BTREE
) ENGINE = InnoDB AUTO_INCREMENT = 51 CHARACTER SET = utf8mb4 COLLATE = utf8mb4_unicode_ci ROW_FORMAT = Dynamic;

-- ----------------------------
-- Records of drivers
-- ----------------------------
INSERT INTO `drivers` VALUES (1, 'Gu Zhennan', 'C', 'Available', '2012-03-21 11:34:51', '2013-05-17 14:44:08');
INSERT INTO `drivers` VALUES (2, 'Che Sze Kwan', 'C', 'Unavailable', '2007-08-09 22:37:31', '2020-02-14 14:15:00');
INSERT INTO `drivers` VALUES (3, 'Wan Tak Wah', 'B', 'Available', '2003-09-06 06:34:46', '2002-12-02 14:02:22');
INSERT INTO `drivers` VALUES (4, 'Dai Siu Wai', 'B', 'Available', '2001-03-09 21:02:38', '2018-09-14 11:49:29');
INSERT INTO `drivers` VALUES (5, 'Frances Gutierrez', 'A', 'Unavailable', '2020-06-23 00:53:17', '2004-09-23 21:15:06');
INSERT INTO `drivers` VALUES (6, 'Shing Tsz Hin', 'B', 'Available', '2017-02-06 12:29:13', '2008-01-20 13:32:02');
INSERT INTO `drivers` VALUES (7, 'Teresa Mason', 'B', 'Available', '2020-12-17 19:51:26', '2006-01-29 03:18:22');
INSERT INTO `drivers` VALUES (8, 'Christine Aguilar', 'B', 'Unavailable', '2018-05-30 04:54:35', '2005-11-04 12:05:27');
INSERT INTO `drivers` VALUES (9, 'Irene Diaz', 'A', 'Unavailable', '2015-12-31 09:33:13', '2022-08-26 20:32:17');
INSERT INTO `drivers` VALUES (10, 'Lisa Carter', 'C', 'Available', '2005-11-21 06:34:52', '2021-10-30 13:27:32');
INSERT INTO `drivers` VALUES (11, 'Emma Walker', 'B', 'Unavailable', '2015-01-20 09:24:27', '2001-09-09 15:09:59');
INSERT INTO `drivers` VALUES (12, 'Crystal Myers', 'B', 'Available', '2003-12-03 12:48:11', '2012-05-14 00:12:05');
INSERT INTO `drivers` VALUES (13, 'Ma Hiu Tung', 'C', 'Available', '2002-02-25 16:50:43', '2016-11-23 19:56:26');
INSERT INTO `drivers` VALUES (14, 'Luo Yuning', 'B', 'Available', '2005-04-12 19:26:20', '2003-07-15 06:19:47');
INSERT INTO `drivers` VALUES (15, 'Saito Daisuke', 'A', 'Unavailable', '2003-01-15 16:59:00', '2007-06-26 06:39:33');
INSERT INTO `drivers` VALUES (16, 'Michael Fernandez', 'B', 'Unavailable', '2005-05-29 13:08:47', '2021-05-04 02:35:28');
INSERT INTO `drivers` VALUES (17, 'Cheng Fat', 'C', 'Available', '2015-05-08 09:54:59', '2005-12-18 21:36:23');
INSERT INTO `drivers` VALUES (18, 'Tsui Ching Wan', 'B', 'Available', '2012-11-18 13:09:16', '2019-10-22 07:08:55');
INSERT INTO `drivers` VALUES (19, 'Roger Cole', 'C', 'Available', '2016-09-25 05:59:08', '2014-02-04 02:26:43');
INSERT INTO `drivers` VALUES (20, 'Pan Ziyi', 'B', 'Unavailable', '2017-06-04 13:19:15', '2008-03-11 01:36:24');
INSERT INTO `drivers` VALUES (21, 'Tao Lan', 'B', 'Unavailable', '2008-01-13 23:03:06', '2013-01-01 02:09:04');
INSERT INTO `drivers` VALUES (22, 'Steven King', 'C', 'Available', '2020-09-01 14:28:03', '2021-03-11 03:37:10');
INSERT INTO `drivers` VALUES (23, 'Ti Wai San', 'B', 'Unavailable', '2000-12-05 04:08:37', '2006-02-09 08:30:11');
INSERT INTO `drivers` VALUES (24, 'Yue Tsz Ching', 'A', 'Available', '2021-04-04 16:04:59', '2015-08-12 02:43:43');
INSERT INTO `drivers` VALUES (25, 'Fan Sze Kwan', 'C', 'Unavailable', '2014-08-13 22:28:11', '2018-12-19 06:59:18');
INSERT INTO `drivers` VALUES (26, 'Xie Yunxi', 'C', 'Available', '2012-10-08 03:13:58', '2015-09-30 03:19:45');
INSERT INTO `drivers` VALUES (27, 'Xue Yunxi', 'C', 'Available', '2017-08-03 10:37:16', '2000-12-14 18:50:53');
INSERT INTO `drivers` VALUES (28, 'Gong Zitao', 'B', 'Available', '2011-04-20 20:16:05', '2008-09-21 01:57:08');
INSERT INTO `drivers` VALUES (29, 'Joshua Jimenez', 'C', 'Available', '2015-11-09 13:13:59', '2019-06-28 21:49:25');
INSERT INTO `drivers` VALUES (30, 'Fong Sau Man', 'B', 'Available', '2000-01-25 19:54:16', '2001-12-11 16:11:53');
INSERT INTO `drivers` VALUES (31, 'Zhong Lan', 'B', 'Unavailable', '2015-03-30 03:02:54', '2016-06-07 17:28:42');
INSERT INTO `drivers` VALUES (32, 'Morita Seiko', 'C', 'Unavailable', '2010-10-09 22:25:53', '2017-06-15 16:37:30');
INSERT INTO `drivers` VALUES (33, 'Rhonda Hicks', 'A', 'Available', '2013-11-21 16:23:58', '2020-12-11 08:29:00');
INSERT INTO `drivers` VALUES (34, 'Wu Kar Yan', 'C', 'Available', '2022-10-25 08:07:54', '2005-05-25 09:32:23');
INSERT INTO `drivers` VALUES (35, 'Zheng Lan', 'A', 'Unavailable', '2007-04-01 05:29:51', '2013-06-26 15:54:11');
INSERT INTO `drivers` VALUES (36, 'Tao Zitao', 'A', 'Available', '2006-10-10 14:41:10', '2022-09-29 05:18:44');
INSERT INTO `drivers` VALUES (37, 'Yao Ziyi', 'A', 'Available', '2018-02-17 12:58:24', '2022-05-04 00:06:23');
INSERT INTO `drivers` VALUES (38, 'Ando Kenta', 'C', 'Unavailable', '2008-05-12 12:17:59', '2021-03-28 06:11:14');
INSERT INTO `drivers` VALUES (39, 'Nakayama Kasumi', 'A', 'Available', '2015-10-10 09:13:47', '2022-12-21 03:31:17');
INSERT INTO `drivers` VALUES (40, 'Kong Yun Fat', 'C', 'Available', '2007-06-25 06:32:44', '2008-12-06 12:44:03');
INSERT INTO `drivers` VALUES (41, 'Ho Tsz Ching', 'C', 'Available', '2015-01-25 23:48:53', '2018-12-11 07:13:07');
INSERT INTO `drivers` VALUES (42, 'Gloria Campbell', 'C', 'Available', '2008-04-28 13:44:02', '2008-06-27 22:12:14');
INSERT INTO `drivers` VALUES (43, 'Hasegawa Sakura', 'A', 'Unavailable', '2000-05-25 07:12:54', '2007-07-10 07:53:14');
INSERT INTO `drivers` VALUES (44, 'Lai Siu Wai', 'C', 'Available', '2006-08-30 23:46:49', '2014-08-18 22:39:19');
INSERT INTO `drivers` VALUES (45, 'Ono Rin', 'B', 'Unavailable', '2005-04-30 23:21:08', '2021-05-16 06:24:43');
INSERT INTO `drivers` VALUES (46, 'Wei Xiuying', 'B', 'Unavailable', '2021-08-05 10:08:09', '2011-05-06 10:34:15');
INSERT INTO `drivers` VALUES (47, 'Su Zhiyuan', 'A', 'Unavailable', '2011-05-01 00:21:28', '2018-08-03 20:05:35');
INSERT INTO `drivers` VALUES (48, 'Ito Kaito', 'C', 'Available', '2007-08-07 22:31:21', '2002-08-10 22:39:15');
INSERT INTO `drivers` VALUES (49, 'Liao Wing Suen', 'C', 'Unavailable', '2010-11-20 23:50:53', '2018-06-11 04:25:17');
INSERT INTO `drivers` VALUES (50, 'Jiang Zitao', 'B', 'Unavailable', '2015-10-10 21:36:50', '2008-10-01 23:15:44');

-- ----------------------------
-- Table structure for fuels
-- ----------------------------
DROP TABLE IF EXISTS `fuels`;
CREATE TABLE `fuels`  (
  `id` bigint UNSIGNED NOT NULL AUTO_INCREMENT,
  `vehicle_id` bigint UNSIGNED NOT NULL,
  `consumtion` int NOT NULL,
  `date` date NOT NULL,
  `created_at` timestamp NULL DEFAULT NULL,
  `updated_at` timestamp NULL DEFAULT NULL,
  PRIMARY KEY (`id`) USING BTREE,
  INDEX `fuels_vehicle_id_foreign`(`vehicle_id` ASC) USING BTREE,
  CONSTRAINT `fuels_vehicle_id_foreign` FOREIGN KEY (`vehicle_id`) REFERENCES `vehicles` (`id`) ON DELETE RESTRICT ON UPDATE RESTRICT
) ENGINE = InnoDB AUTO_INCREMENT = 201 CHARACTER SET = utf8mb4 COLLATE = utf8mb4_unicode_ci ROW_FORMAT = Dynamic;

-- ----------------------------
-- Records of fuels
-- ----------------------------
INSERT INTO `fuels` VALUES (1, 63, 15, '2018-10-09', '2007-12-31 05:01:46', '2020-07-06 01:53:54');
INSERT INTO `fuels` VALUES (2, 17, 6, '2018-08-30', '2015-06-21 12:36:42', '2010-05-24 16:30:25');
INSERT INTO `fuels` VALUES (3, 86, 9, '2022-08-31', '2001-03-19 01:17:58', '2002-02-26 04:31:49');
INSERT INTO `fuels` VALUES (4, 72, 10, '2019-04-26', '2017-02-21 08:50:02', '2001-11-02 03:19:50');
INSERT INTO `fuels` VALUES (5, 21, 11, '2018-08-26', '2012-12-26 14:54:27', '2005-04-28 02:35:31');
INSERT INTO `fuels` VALUES (6, 46, 17, '2022-02-16', '2021-09-26 12:38:57', '2005-05-31 11:53:22');
INSERT INTO `fuels` VALUES (7, 100, 22, '2019-11-20', '2000-01-02 18:33:23', '2010-01-10 19:12:39');
INSERT INTO `fuels` VALUES (8, 86, 10, '2020-08-10', '2018-02-01 19:46:25', '2021-04-03 01:17:19');
INSERT INTO `fuels` VALUES (9, 92, 13, '2021-10-26', '2003-07-14 13:42:41', '2011-07-19 01:55:41');
INSERT INTO `fuels` VALUES (10, 72, 13, '2021-06-05', '2012-12-25 18:36:41', '2013-07-14 21:51:26');
INSERT INTO `fuels` VALUES (11, 94, 25, '2021-08-27', '2006-08-16 23:17:04', '2015-05-25 05:19:43');
INSERT INTO `fuels` VALUES (12, 5, 29, '2020-07-13', '2007-07-08 21:46:17', '2020-10-21 22:55:30');
INSERT INTO `fuels` VALUES (13, 60, 14, '2021-03-31', '2018-09-02 09:43:26', '2007-05-26 07:19:49');
INSERT INTO `fuels` VALUES (14, 16, 7, '2018-06-10', '2006-02-03 23:35:14', '2022-06-07 00:02:37');
INSERT INTO `fuels` VALUES (15, 34, 17, '2020-07-24', '2023-01-31 00:21:47', '2010-07-16 13:06:06');
INSERT INTO `fuels` VALUES (16, 95, 5, '2020-04-08', '2001-06-13 08:03:57', '2003-08-29 01:34:28');
INSERT INTO `fuels` VALUES (17, 8, 16, '2020-03-29', '2011-03-12 07:37:09', '2002-12-01 21:41:15');
INSERT INTO `fuels` VALUES (18, 47, 6, '2021-08-05', '2001-02-03 13:32:11', '2016-11-05 09:56:12');
INSERT INTO `fuels` VALUES (19, 98, 28, '2021-01-15', '2005-07-09 07:24:49', '2000-08-29 16:24:11');
INSERT INTO `fuels` VALUES (20, 2, 10, '2020-03-23', '2010-06-24 12:40:02', '2006-10-10 02:31:54');
INSERT INTO `fuels` VALUES (21, 33, 12, '2022-03-24', '2002-04-13 20:44:37', '2019-02-05 11:38:08');
INSERT INTO `fuels` VALUES (22, 63, 18, '2020-04-28', '2020-08-20 18:29:57', '2005-10-30 04:18:52');
INSERT INTO `fuels` VALUES (23, 77, 6, '2022-04-02', '2021-08-10 19:13:45', '2001-10-07 10:17:00');
INSERT INTO `fuels` VALUES (24, 91, 7, '2022-04-10', '2014-02-09 03:51:34', '2018-08-09 23:35:00');
INSERT INTO `fuels` VALUES (25, 58, 6, '2020-06-21', '2021-01-20 13:15:03', '2001-04-17 17:28:29');
INSERT INTO `fuels` VALUES (26, 28, 21, '2020-08-06', '2005-10-17 13:56:34', '2012-03-30 01:14:48');
INSERT INTO `fuels` VALUES (27, 10, 28, '2018-02-27', '2007-12-28 02:30:44', '2002-08-24 23:15:54');
INSERT INTO `fuels` VALUES (28, 10, 7, '2020-08-31', '2019-10-10 13:20:32', '2014-08-15 00:52:57');
INSERT INTO `fuels` VALUES (29, 100, 6, '2022-10-14', '2014-10-26 04:27:03', '2004-10-01 14:15:43');
INSERT INTO `fuels` VALUES (30, 84, 20, '2022-12-09', '2008-05-17 02:13:42', '2004-12-24 13:18:19');
INSERT INTO `fuels` VALUES (31, 26, 11, '2020-05-05', '2004-01-13 05:05:26', '2004-04-14 21:51:46');
INSERT INTO `fuels` VALUES (32, 86, 6, '2020-03-10', '2023-02-28 13:16:25', '2016-08-01 11:52:55');
INSERT INTO `fuels` VALUES (33, 40, 13, '2020-04-30', '2003-08-12 23:31:51', '2009-05-02 13:35:58');
INSERT INTO `fuels` VALUES (34, 7, 9, '2018-05-01', '2022-08-03 22:03:54', '2014-06-21 03:27:49');
INSERT INTO `fuels` VALUES (35, 60, 14, '2019-01-14', '2007-10-17 22:18:48', '2003-09-28 19:02:32');
INSERT INTO `fuels` VALUES (36, 52, 24, '2020-04-28', '2013-09-10 16:31:07', '2007-08-22 08:41:12');
INSERT INTO `fuels` VALUES (37, 6, 20, '2020-02-17', '2009-12-10 14:25:52', '2005-07-12 01:37:47');
INSERT INTO `fuels` VALUES (38, 84, 17, '2020-02-02', '2014-11-19 05:46:11', '2015-01-06 15:21:26');
INSERT INTO `fuels` VALUES (39, 29, 13, '2021-11-04', '2005-02-10 23:12:16', '2012-03-06 03:00:17');
INSERT INTO `fuels` VALUES (40, 23, 8, '2018-07-03', '2020-11-29 07:26:37', '2001-08-05 06:56:08');
INSERT INTO `fuels` VALUES (41, 53, 21, '2022-07-22', '2008-03-12 02:51:07', '2006-08-14 16:21:03');
INSERT INTO `fuels` VALUES (42, 1, 18, '2020-01-19', '2005-10-22 01:46:28', '2001-11-29 18:37:34');
INSERT INTO `fuels` VALUES (43, 28, 29, '2022-07-15', '2006-11-26 23:21:40', '2001-07-01 08:19:23');
INSERT INTO `fuels` VALUES (44, 66, 21, '2022-09-25', '2004-11-11 22:32:52', '2013-10-12 23:27:00');
INSERT INTO `fuels` VALUES (45, 46, 26, '2020-07-28', '2013-03-16 08:41:12', '2007-05-24 22:57:36');
INSERT INTO `fuels` VALUES (46, 77, 11, '2022-04-01', '2013-05-26 21:51:14', '2005-01-21 10:04:55');
INSERT INTO `fuels` VALUES (47, 21, 27, '2022-07-07', '2013-07-15 04:19:21', '2007-05-14 14:03:47');
INSERT INTO `fuels` VALUES (48, 1, 15, '2022-08-23', '2021-12-07 21:27:14', '2006-06-04 20:31:21');
INSERT INTO `fuels` VALUES (49, 20, 17, '2021-04-16', '2007-03-18 12:19:57', '2022-12-02 23:35:35');
INSERT INTO `fuels` VALUES (50, 57, 13, '2020-09-13', '2006-07-06 13:51:07', '2004-11-20 19:16:11');
INSERT INTO `fuels` VALUES (51, 57, 29, '2018-04-14', '2006-03-26 17:29:09', '2022-01-19 09:43:00');
INSERT INTO `fuels` VALUES (52, 50, 17, '2023-03-14', '2016-06-25 05:43:35', '2019-05-12 11:56:17');
INSERT INTO `fuels` VALUES (53, 22, 19, '2019-09-01', '2014-03-13 15:50:39', '2002-06-17 16:32:41');
INSERT INTO `fuels` VALUES (54, 64, 21, '2021-08-01', '2004-03-19 01:03:18', '2000-10-16 06:45:55');
INSERT INTO `fuels` VALUES (55, 44, 24, '2022-04-04', '2002-11-14 18:58:29', '2014-03-25 17:14:28');
INSERT INTO `fuels` VALUES (56, 51, 28, '2022-08-23', '2007-02-22 09:05:49', '2000-04-30 11:57:19');
INSERT INTO `fuels` VALUES (57, 1, 18, '2022-09-21', '2006-12-26 15:59:12', '2003-11-10 19:15:13');
INSERT INTO `fuels` VALUES (58, 32, 23, '2020-04-22', '2014-03-09 07:05:15', '2021-01-07 07:41:35');
INSERT INTO `fuels` VALUES (59, 15, 28, '2018-11-19', '2006-01-27 16:23:51', '2012-07-26 03:46:30');
INSERT INTO `fuels` VALUES (60, 84, 28, '2019-05-10', '2009-06-20 02:49:56', '2009-12-16 04:24:04');
INSERT INTO `fuels` VALUES (61, 54, 23, '2022-07-25', '2010-10-17 10:35:31', '2021-03-28 11:09:56');
INSERT INTO `fuels` VALUES (62, 28, 18, '2023-03-14', '2011-10-01 20:27:43', '2002-10-20 18:35:21');
INSERT INTO `fuels` VALUES (63, 82, 10, '2020-02-06', '2013-10-02 13:34:08', '2014-06-05 03:25:47');
INSERT INTO `fuels` VALUES (64, 45, 21, '2022-08-05', '2014-01-09 03:46:59', '2001-06-09 14:16:02');
INSERT INTO `fuels` VALUES (65, 86, 18, '2018-05-22', '2008-09-01 03:44:40', '2016-12-29 22:39:11');
INSERT INTO `fuels` VALUES (66, 65, 11, '2019-10-23', '2022-04-04 09:17:31', '2023-03-20 01:49:41');
INSERT INTO `fuels` VALUES (67, 3, 23, '2021-09-13', '2001-01-04 06:09:03', '2012-01-14 16:17:57');
INSERT INTO `fuels` VALUES (68, 98, 17, '2021-12-18', '2002-02-09 12:33:36', '2005-04-27 10:52:32');
INSERT INTO `fuels` VALUES (69, 12, 17, '2021-05-07', '2018-08-13 18:04:12', '2021-02-14 20:44:03');
INSERT INTO `fuels` VALUES (70, 42, 20, '2019-06-27', '2016-06-22 20:49:52', '2001-06-08 00:41:47');
INSERT INTO `fuels` VALUES (71, 89, 24, '2020-08-20', '2019-06-29 10:02:51', '2002-10-01 06:09:15');
INSERT INTO `fuels` VALUES (72, 23, 25, '2020-02-19', '2020-07-02 06:37:02', '2011-12-01 07:04:14');
INSERT INTO `fuels` VALUES (73, 26, 17, '2018-03-10', '2017-12-29 18:29:33', '2019-04-16 07:25:42');
INSERT INTO `fuels` VALUES (74, 25, 7, '2021-08-08', '2019-01-02 21:50:14', '2014-10-05 12:00:23');
INSERT INTO `fuels` VALUES (75, 25, 11, '2022-11-11', '2017-08-16 17:54:08', '2011-02-18 19:49:32');
INSERT INTO `fuels` VALUES (76, 23, 28, '2022-03-30', '2004-10-08 20:16:31', '2003-10-24 01:00:51');
INSERT INTO `fuels` VALUES (77, 37, 19, '2022-11-22', '2000-03-06 21:58:44', '2003-09-01 21:20:33');
INSERT INTO `fuels` VALUES (78, 96, 7, '2020-01-28', '2004-10-19 15:08:37', '2011-12-03 16:18:04');
INSERT INTO `fuels` VALUES (79, 35, 5, '2018-08-10', '2018-02-27 20:51:38', '2001-12-20 23:23:18');
INSERT INTO `fuels` VALUES (80, 47, 28, '2022-05-26', '2007-01-30 15:08:51', '2004-12-09 02:44:02');
INSERT INTO `fuels` VALUES (81, 55, 5, '2023-03-08', '2013-10-03 05:27:55', '2016-11-17 10:21:44');
INSERT INTO `fuels` VALUES (82, 2, 12, '2022-05-17', '2003-08-04 03:07:31', '2006-10-11 12:00:21');
INSERT INTO `fuels` VALUES (83, 79, 17, '2022-01-19', '2022-01-20 16:27:29', '2015-04-12 11:27:32');
INSERT INTO `fuels` VALUES (84, 86, 12, '2019-03-13', '2005-11-17 02:42:43', '2020-02-18 19:32:10');
INSERT INTO `fuels` VALUES (85, 71, 8, '2020-08-17', '2020-06-26 21:27:20', '2005-04-13 00:41:51');
INSERT INTO `fuels` VALUES (86, 10, 7, '2020-11-01', '2019-03-04 15:44:41', '2023-02-05 05:11:41');
INSERT INTO `fuels` VALUES (87, 22, 20, '2018-05-31', '2021-07-18 04:05:37', '2017-05-26 23:10:21');
INSERT INTO `fuels` VALUES (88, 45, 8, '2019-10-01', '2022-12-18 19:44:56', '2022-05-12 19:25:56');
INSERT INTO `fuels` VALUES (89, 95, 8, '2018-04-23', '2006-12-17 20:32:13', '2009-07-12 12:04:19');
INSERT INTO `fuels` VALUES (90, 85, 26, '2021-10-31', '2017-04-26 02:37:51', '2020-08-07 21:32:29');
INSERT INTO `fuels` VALUES (91, 43, 27, '2020-07-03', '2019-04-22 21:06:34', '2021-03-03 22:59:31');
INSERT INTO `fuels` VALUES (92, 23, 20, '2021-01-28', '2010-02-06 19:57:16', '2008-01-01 23:00:24');
INSERT INTO `fuels` VALUES (93, 1, 29, '2022-05-04', '2004-04-11 10:02:14', '2000-06-24 09:12:12');
INSERT INTO `fuels` VALUES (94, 8, 27, '2021-10-26', '2001-04-18 03:53:55', '2000-10-30 16:45:30');
INSERT INTO `fuels` VALUES (95, 22, 24, '2022-02-25', '2011-03-16 09:24:43', '2003-09-11 12:25:15');
INSERT INTO `fuels` VALUES (96, 4, 20, '2021-05-21', '2004-03-19 01:35:40', '2014-09-23 10:20:08');
INSERT INTO `fuels` VALUES (97, 21, 27, '2023-02-17', '2012-09-25 13:56:03', '2001-10-08 13:29:53');
INSERT INTO `fuels` VALUES (98, 6, 11, '2021-08-10', '2004-08-17 08:17:25', '2023-01-18 08:08:07');
INSERT INTO `fuels` VALUES (99, 26, 27, '2022-01-27', '2016-06-02 13:21:26', '2002-10-07 01:54:10');
INSERT INTO `fuels` VALUES (100, 41, 14, '2021-03-03', '2021-05-02 00:23:36', '2001-10-31 00:29:30');
INSERT INTO `fuels` VALUES (101, 66, 28, '2023-02-13', '2021-01-31 12:36:30', '2017-07-12 16:30:57');
INSERT INTO `fuels` VALUES (102, 7, 21, '2021-05-20', '2022-03-15 01:31:49', '2008-01-08 05:05:37');
INSERT INTO `fuels` VALUES (103, 76, 16, '2019-05-20', '2019-10-13 18:13:50', '2019-04-06 05:23:29');
INSERT INTO `fuels` VALUES (104, 90, 29, '2018-02-10', '2003-07-09 17:14:12', '2004-11-02 08:20:27');
INSERT INTO `fuels` VALUES (105, 12, 25, '2018-04-01', '2017-01-09 19:45:56', '2013-10-08 22:29:25');
INSERT INTO `fuels` VALUES (106, 79, 8, '2020-05-26', '2015-02-04 05:20:01', '2019-04-09 18:43:52');
INSERT INTO `fuels` VALUES (107, 30, 9, '2019-09-03', '2019-01-29 00:51:05', '2003-01-18 20:04:09');
INSERT INTO `fuels` VALUES (108, 65, 8, '2018-11-25', '2022-08-31 20:21:04', '2003-11-30 06:11:38');
INSERT INTO `fuels` VALUES (109, 82, 30, '2023-03-14', '2010-03-12 19:56:37', '2006-11-21 12:53:41');
INSERT INTO `fuels` VALUES (110, 9, 14, '2022-09-22', '2014-11-25 00:05:35', '2006-09-02 19:23:14');
INSERT INTO `fuels` VALUES (111, 16, 23, '2019-05-06', '2006-05-08 18:57:51', '2005-11-16 04:55:27');
INSERT INTO `fuels` VALUES (112, 5, 29, '2021-12-18', '2001-12-23 04:05:08', '2015-11-10 10:48:40');
INSERT INTO `fuels` VALUES (113, 86, 6, '2021-07-27', '2002-07-02 03:26:58', '2000-04-27 11:37:38');
INSERT INTO `fuels` VALUES (114, 5, 9, '2023-01-28', '2000-12-07 05:00:54', '2016-02-07 13:52:06');
INSERT INTO `fuels` VALUES (115, 54, 15, '2018-01-17', '2003-01-14 02:50:07', '2006-02-03 22:41:12');
INSERT INTO `fuels` VALUES (116, 14, 11, '2022-05-22', '2016-02-05 23:38:21', '2002-05-29 19:08:16');
INSERT INTO `fuels` VALUES (117, 21, 11, '2020-12-25', '2005-11-26 16:52:32', '2010-10-14 18:27:41');
INSERT INTO `fuels` VALUES (118, 30, 22, '2021-04-16', '2002-12-07 21:41:07', '2007-11-03 21:57:49');
INSERT INTO `fuels` VALUES (119, 43, 30, '2019-09-01', '2007-09-09 10:25:27', '2014-02-07 12:19:46');
INSERT INTO `fuels` VALUES (120, 53, 9, '2022-10-12', '2015-08-27 03:22:38', '2005-11-18 11:12:57');
INSERT INTO `fuels` VALUES (121, 73, 8, '2021-05-27', '2009-08-06 04:49:47', '2021-06-15 20:43:46');
INSERT INTO `fuels` VALUES (122, 34, 11, '2020-06-29', '2005-07-24 19:15:47', '2023-03-03 01:48:40');
INSERT INTO `fuels` VALUES (123, 22, 17, '2018-11-11', '2002-08-04 06:41:03', '2018-05-28 06:55:57');
INSERT INTO `fuels` VALUES (124, 53, 28, '2022-08-07', '2004-07-15 06:27:24', '2003-02-06 19:45:55');
INSERT INTO `fuels` VALUES (125, 8, 23, '2022-06-27', '2022-04-23 18:41:06', '2020-12-03 16:40:01');
INSERT INTO `fuels` VALUES (126, 13, 6, '2020-08-19', '2004-11-13 22:21:29', '2002-08-17 10:16:11');
INSERT INTO `fuels` VALUES (127, 62, 9, '2019-12-07', '2002-01-15 00:53:49', '2003-04-11 08:05:01');
INSERT INTO `fuels` VALUES (128, 72, 23, '2019-03-14', '2002-09-02 06:33:27', '2005-12-25 04:12:39');
INSERT INTO `fuels` VALUES (129, 5, 28, '2022-06-08', '2014-10-22 14:49:12', '2008-09-10 15:52:57');
INSERT INTO `fuels` VALUES (130, 5, 15, '2021-03-27', '2016-06-25 03:44:55', '2000-10-30 15:34:22');
INSERT INTO `fuels` VALUES (131, 59, 23, '2022-10-04', '2002-08-12 20:57:03', '2001-04-06 13:33:40');
INSERT INTO `fuels` VALUES (132, 92, 24, '2022-08-17', '2017-11-08 17:21:30', '2015-04-14 17:03:37');
INSERT INTO `fuels` VALUES (133, 28, 17, '2019-11-15', '2008-04-30 00:02:05', '2005-10-28 16:10:26');
INSERT INTO `fuels` VALUES (134, 45, 22, '2022-01-20', '2009-04-02 17:32:50', '2015-11-06 00:33:57');
INSERT INTO `fuels` VALUES (135, 88, 23, '2020-03-23', '2017-08-10 16:33:58', '2002-07-08 10:11:50');
INSERT INTO `fuels` VALUES (136, 37, 23, '2018-11-05', '2005-12-01 09:27:03', '2005-05-09 18:48:33');
INSERT INTO `fuels` VALUES (137, 96, 21, '2019-12-12', '2007-12-21 21:04:37', '2021-06-03 14:11:42');
INSERT INTO `fuels` VALUES (138, 44, 25, '2018-06-27', '2002-08-16 21:55:04', '2000-09-10 14:11:57');
INSERT INTO `fuels` VALUES (139, 85, 12, '2021-09-04', '2013-10-21 09:47:15', '2019-01-14 14:07:38');
INSERT INTO `fuels` VALUES (140, 59, 19, '2021-05-22', '2017-11-02 20:03:57', '2016-08-09 13:16:34');
INSERT INTO `fuels` VALUES (141, 40, 14, '2021-06-17', '2013-07-08 20:17:10', '2011-06-04 11:09:50');
INSERT INTO `fuels` VALUES (142, 83, 19, '2020-08-24', '2014-02-15 06:38:54', '2002-07-08 23:41:49');
INSERT INTO `fuels` VALUES (143, 36, 30, '2018-01-22', '2011-03-20 22:46:17', '2014-03-03 16:24:15');
INSERT INTO `fuels` VALUES (144, 15, 20, '2019-01-30', '2012-06-04 16:40:10', '2015-07-24 07:14:49');
INSERT INTO `fuels` VALUES (145, 67, 23, '2018-06-18', '2014-08-26 13:07:44', '2003-12-05 00:04:35');
INSERT INTO `fuels` VALUES (146, 2, 16, '2022-07-07', '2022-03-15 01:21:08', '2003-08-07 13:48:24');
INSERT INTO `fuels` VALUES (147, 31, 13, '2021-08-05', '2014-08-03 04:14:45', '2006-07-16 04:24:35');
INSERT INTO `fuels` VALUES (148, 60, 12, '2019-03-14', '2007-10-24 16:51:44', '2006-06-08 10:54:47');
INSERT INTO `fuels` VALUES (149, 40, 28, '2022-07-15', '2014-04-20 16:53:17', '2003-09-09 05:04:30');
INSERT INTO `fuels` VALUES (150, 80, 17, '2022-06-23', '2018-08-23 06:24:37', '2011-01-27 00:55:37');
INSERT INTO `fuels` VALUES (151, 70, 25, '2022-08-28', '2022-05-17 15:16:25', '2019-07-22 14:46:48');
INSERT INTO `fuels` VALUES (152, 83, 25, '2022-07-19', '2008-03-27 17:54:56', '2006-08-18 22:31:09');
INSERT INTO `fuels` VALUES (153, 71, 14, '2023-02-17', '2000-09-05 08:53:12', '2009-07-29 06:34:32');
INSERT INTO `fuels` VALUES (154, 48, 7, '2022-12-28', '2012-02-12 19:36:23', '2000-12-04 04:23:56');
INSERT INTO `fuels` VALUES (155, 71, 28, '2022-02-22', '2017-03-29 04:14:13', '2012-07-07 18:04:03');
INSERT INTO `fuels` VALUES (156, 82, 19, '2020-11-09', '2007-01-29 11:07:55', '2006-08-13 06:43:54');
INSERT INTO `fuels` VALUES (157, 83, 29, '2023-01-18', '2009-03-25 20:21:44', '2011-01-21 07:38:57');
INSERT INTO `fuels` VALUES (158, 38, 17, '2020-05-28', '2010-12-25 09:25:46', '2021-03-05 10:35:14');
INSERT INTO `fuels` VALUES (159, 71, 28, '2021-04-08', '2000-04-16 08:38:52', '2015-05-07 23:09:01');
INSERT INTO `fuels` VALUES (160, 54, 22, '2018-01-24', '2007-03-09 21:50:26', '2016-05-13 14:57:24');
INSERT INTO `fuels` VALUES (161, 21, 10, '2019-03-07', '2001-07-24 02:28:57', '2004-10-27 08:43:34');
INSERT INTO `fuels` VALUES (162, 46, 10, '2021-02-03', '2018-01-24 19:40:50', '2016-02-21 21:48:44');
INSERT INTO `fuels` VALUES (163, 39, 14, '2021-07-03', '2005-05-22 05:47:42', '2014-01-23 00:54:56');
INSERT INTO `fuels` VALUES (164, 42, 18, '2022-05-20', '2014-11-03 07:54:36', '2000-08-11 11:11:41');
INSERT INTO `fuels` VALUES (165, 21, 14, '2021-10-24', '2009-05-07 10:33:23', '2002-03-22 02:44:37');
INSERT INTO `fuels` VALUES (166, 26, 11, '2022-12-20', '2006-04-11 11:24:41', '2009-03-23 02:46:06');
INSERT INTO `fuels` VALUES (167, 70, 29, '2020-06-10', '2001-02-06 21:38:32', '2022-10-31 21:06:12');
INSERT INTO `fuels` VALUES (168, 70, 17, '2019-12-24', '2020-01-29 07:39:30', '2003-02-21 10:30:59');
INSERT INTO `fuels` VALUES (169, 22, 24, '2022-05-30', '2019-10-14 23:30:46', '2018-02-22 00:04:00');
INSERT INTO `fuels` VALUES (170, 18, 25, '2022-03-23', '2023-01-18 15:51:23', '2017-12-03 20:07:29');
INSERT INTO `fuels` VALUES (171, 2, 16, '2021-11-14', '2002-11-12 05:45:09', '2016-05-13 19:29:11');
INSERT INTO `fuels` VALUES (172, 72, 25, '2020-12-04', '2011-04-01 10:11:09', '2001-10-29 17:07:13');
INSERT INTO `fuels` VALUES (173, 77, 25, '2019-11-23', '2002-10-31 09:06:29', '2015-08-11 17:08:40');
INSERT INTO `fuels` VALUES (174, 43, 25, '2019-12-06', '2014-07-22 13:45:32', '2003-10-30 12:17:04');
INSERT INTO `fuels` VALUES (175, 54, 17, '2019-08-25', '2011-07-23 01:48:00', '2006-03-27 00:26:57');
INSERT INTO `fuels` VALUES (176, 71, 25, '2019-01-13', '2015-03-09 23:21:49', '2014-10-18 03:05:36');
INSERT INTO `fuels` VALUES (177, 73, 26, '2023-02-20', '2007-01-18 19:08:18', '2016-05-25 05:50:28');
INSERT INTO `fuels` VALUES (178, 79, 29, '2019-05-02', '2007-09-04 19:30:40', '2004-01-11 22:02:44');
INSERT INTO `fuels` VALUES (179, 68, 20, '2022-03-05', '2001-05-03 18:48:09', '2003-05-02 00:33:39');
INSERT INTO `fuels` VALUES (180, 88, 17, '2020-09-15', '2013-03-13 23:22:55', '2014-04-14 15:25:52');
INSERT INTO `fuels` VALUES (181, 22, 24, '2021-12-17', '2017-07-15 14:19:33', '2004-12-29 21:50:02');
INSERT INTO `fuels` VALUES (182, 87, 17, '2021-12-04', '2001-01-22 21:05:13', '2013-12-07 21:49:15');
INSERT INTO `fuels` VALUES (183, 22, 25, '2020-06-29', '2005-12-17 18:28:47', '2015-07-14 07:18:18');
INSERT INTO `fuels` VALUES (184, 75, 17, '2018-04-22', '2022-05-24 00:24:54', '2020-06-01 14:46:39');
INSERT INTO `fuels` VALUES (185, 11, 12, '2020-08-26', '2019-05-14 12:56:45', '2020-11-13 14:10:44');
INSERT INTO `fuels` VALUES (186, 77, 6, '2018-12-22', '2007-09-17 23:03:25', '2003-08-26 17:56:54');
INSERT INTO `fuels` VALUES (187, 47, 22, '2020-10-16', '2006-03-18 14:32:34', '2003-04-02 00:16:13');
INSERT INTO `fuels` VALUES (188, 70, 8, '2022-11-22', '2019-10-23 08:43:19', '2014-05-18 01:15:53');
INSERT INTO `fuels` VALUES (189, 77, 19, '2021-08-12', '2007-03-25 12:47:12', '2012-02-03 20:08:00');
INSERT INTO `fuels` VALUES (190, 91, 23, '2020-04-16', '2012-01-15 13:20:47', '2002-08-10 03:06:47');
INSERT INTO `fuels` VALUES (191, 81, 6, '2022-12-27', '2003-12-01 10:20:33', '2022-04-21 01:11:24');
INSERT INTO `fuels` VALUES (192, 54, 7, '2022-02-27', '2012-10-16 16:44:22', '2003-08-15 07:24:46');
INSERT INTO `fuels` VALUES (193, 85, 23, '2023-01-21', '2014-11-07 06:36:32', '2007-01-05 09:55:48');
INSERT INTO `fuels` VALUES (194, 79, 18, '2019-06-24', '2022-05-17 08:12:50', '2020-12-15 10:12:34');
INSERT INTO `fuels` VALUES (195, 36, 6, '2020-04-27', '2011-02-13 02:51:43', '2005-10-05 10:51:52');
INSERT INTO `fuels` VALUES (196, 58, 8, '2021-07-25', '2022-04-24 18:01:48', '2016-06-18 04:31:42');
INSERT INTO `fuels` VALUES (197, 49, 21, '2019-03-23', '2005-03-09 03:33:00', '2014-07-16 00:32:38');
INSERT INTO `fuels` VALUES (198, 29, 10, '2022-01-26', '2000-08-17 08:29:46', '2011-10-29 21:24:10');
INSERT INTO `fuels` VALUES (199, 3, 23, '2022-02-07', '2005-03-16 06:57:27', '2021-07-02 02:49:46');
INSERT INTO `fuels` VALUES (200, 15, 12, '2022-04-23', '2015-05-20 04:29:15', '2019-10-07 02:01:40');

-- ----------------------------
-- Table structure for grades
-- ----------------------------
DROP TABLE IF EXISTS `grades`;
CREATE TABLE `grades`  (
  `id` bigint UNSIGNED NOT NULL AUTO_INCREMENT,
  `grade` int NOT NULL,
  `position` varchar(50) CHARACTER SET utf8mb4 COLLATE utf8mb4_unicode_ci NOT NULL,
  `created_at` timestamp NULL DEFAULT NULL,
  `updated_at` timestamp NULL DEFAULT NULL,
  PRIMARY KEY (`id`) USING BTREE
) ENGINE = InnoDB AUTO_INCREMENT = 6 CHARACTER SET = utf8mb4 COLLATE = utf8mb4_unicode_ci ROW_FORMAT = Dynamic;

-- ----------------------------
-- Records of grades
-- ----------------------------
INSERT INTO `grades` VALUES (1, 1, 'Non Staff', '2023-03-22 02:56:12', '2023-03-22 02:56:12');
INSERT INTO `grades` VALUES (2, 2, 'Staff', '2023-03-22 02:56:12', '2023-03-22 02:56:12');
INSERT INTO `grades` VALUES (3, 3, 'Manager', '2023-03-22 02:56:12', '2023-03-22 02:56:12');
INSERT INTO `grades` VALUES (4, 4, 'General Manager', '2023-03-22 02:56:12', '2023-03-22 02:56:12');
INSERT INTO `grades` VALUES (5, 4, 'Director', '2023-03-22 02:56:12', '2023-03-22 02:56:12');

-- ----------------------------
-- Table structure for migrations
-- ----------------------------
DROP TABLE IF EXISTS `migrations`;
CREATE TABLE `migrations`  (
  `id` int UNSIGNED NOT NULL AUTO_INCREMENT,
  `migration` varchar(255) CHARACTER SET utf8mb4 COLLATE utf8mb4_unicode_ci NOT NULL,
  `batch` int NOT NULL,
  PRIMARY KEY (`id`) USING BTREE
) ENGINE = InnoDB AUTO_INCREMENT = 11 CHARACTER SET = utf8mb4 COLLATE = utf8mb4_unicode_ci ROW_FORMAT = Dynamic;

-- ----------------------------
-- Records of migrations
-- ----------------------------
INSERT INTO `migrations` VALUES (1, '2013_03_20_090004_create_grades_table', 1);
INSERT INTO `migrations` VALUES (2, '2014_10_12_000000_create_users_table', 1);
INSERT INTO `migrations` VALUES (3, '2019_12_14_000001_create_personal_access_tokens_table', 1);
INSERT INTO `migrations` VALUES (4, '2023_03_21_014439_create_procedure_table', 1);
INSERT INTO `migrations` VALUES (5, '2023_03_21_025407_create_vehicles_table', 1);
INSERT INTO `migrations` VALUES (6, '2023_03_21_030246_create_fuels_table', 1);
INSERT INTO `migrations` VALUES (7, '2023_03_21_031931_create_services_table', 1);
INSERT INTO `migrations` VALUES (8, '2023_03_21_032159_create_drivers_table', 1);
INSERT INTO `migrations` VALUES (9, '2023_03_21_112356_create_bookings_table', 1);
INSERT INTO `migrations` VALUES (10, '2023_03_21_112721_create_approvals_table', 1);

-- ----------------------------
-- Table structure for personal_access_tokens
-- ----------------------------
DROP TABLE IF EXISTS `personal_access_tokens`;
CREATE TABLE `personal_access_tokens`  (
  `id` bigint UNSIGNED NOT NULL AUTO_INCREMENT,
  `tokenable_type` varchar(255) CHARACTER SET utf8mb4 COLLATE utf8mb4_unicode_ci NOT NULL,
  `tokenable_id` bigint UNSIGNED NOT NULL,
  `name` varchar(255) CHARACTER SET utf8mb4 COLLATE utf8mb4_unicode_ci NOT NULL,
  `token` varchar(64) CHARACTER SET utf8mb4 COLLATE utf8mb4_unicode_ci NOT NULL,
  `abilities` text CHARACTER SET utf8mb4 COLLATE utf8mb4_unicode_ci NULL,
  `last_used_at` timestamp NULL DEFAULT NULL,
  `created_at` timestamp NULL DEFAULT NULL,
  `updated_at` timestamp NULL DEFAULT NULL,
  PRIMARY KEY (`id`) USING BTREE,
  UNIQUE INDEX `personal_access_tokens_token_unique`(`token` ASC) USING BTREE,
  INDEX `personal_access_tokens_tokenable_type_tokenable_id_index`(`tokenable_type` ASC, `tokenable_id` ASC) USING BTREE
) ENGINE = InnoDB AUTO_INCREMENT = 1 CHARACTER SET = utf8mb4 COLLATE = utf8mb4_unicode_ci ROW_FORMAT = Dynamic;

-- ----------------------------
-- Records of personal_access_tokens
-- ----------------------------

-- ----------------------------
-- Table structure for services
-- ----------------------------
DROP TABLE IF EXISTS `services`;
CREATE TABLE `services`  (
  `id` bigint UNSIGNED NOT NULL AUTO_INCREMENT,
  `vehicle_id` bigint UNSIGNED NOT NULL,
  `date` date NOT NULL,
  `created_at` timestamp NULL DEFAULT NULL,
  `updated_at` timestamp NULL DEFAULT NULL,
  PRIMARY KEY (`id`) USING BTREE,
  INDEX `services_vehicle_id_foreign`(`vehicle_id` ASC) USING BTREE,
  CONSTRAINT `services_vehicle_id_foreign` FOREIGN KEY (`vehicle_id`) REFERENCES `vehicles` (`id`) ON DELETE RESTRICT ON UPDATE RESTRICT
) ENGINE = InnoDB AUTO_INCREMENT = 2001 CHARACTER SET = utf8mb4 COLLATE = utf8mb4_unicode_ci ROW_FORMAT = Dynamic;

-- ----------------------------
-- Records of services
-- ----------------------------
INSERT INTO `services` VALUES (1, 45, '2021-12-18', '2021-11-29 04:08:05', '2012-04-30 09:23:16');
INSERT INTO `services` VALUES (2, 22, '2021-01-16', '2011-05-10 22:22:59', '2022-02-01 14:30:26');
INSERT INTO `services` VALUES (3, 18, '2021-09-26', '2011-02-17 05:38:41', '2021-07-02 22:15:31');
INSERT INTO `services` VALUES (4, 62, '2020-08-06', '2022-04-29 05:21:41', '2015-01-31 08:00:42');
INSERT INTO `services` VALUES (5, 82, '2020-01-18', '2015-10-05 03:17:46', '2022-05-13 21:49:45');
INSERT INTO `services` VALUES (6, 38, '2022-01-29', '2013-03-10 10:56:24', '2021-11-28 02:25:52');
INSERT INTO `services` VALUES (7, 6, '2022-04-27', '2001-03-15 11:15:20', '2006-01-18 02:58:46');
INSERT INTO `services` VALUES (8, 28, '2021-12-28', '2013-04-18 20:50:03', '2007-03-24 04:48:11');
INSERT INTO `services` VALUES (9, 73, '2019-07-30', '2017-01-08 20:56:46', '2002-06-27 00:36:48');
INSERT INTO `services` VALUES (10, 95, '2019-11-21', '2016-10-15 09:33:57', '2000-07-19 21:53:20');
INSERT INTO `services` VALUES (11, 33, '2022-08-08', '2006-01-13 13:11:08', '2000-10-29 17:01:45');
INSERT INTO `services` VALUES (12, 24, '2020-07-11', '2007-03-15 03:42:36', '2009-05-07 03:17:23');
INSERT INTO `services` VALUES (13, 72, '2019-10-02', '2009-06-23 04:45:21', '2019-08-25 21:31:31');
INSERT INTO `services` VALUES (14, 20, '2018-05-16', '2012-10-14 07:59:22', '2013-10-10 15:39:52');
INSERT INTO `services` VALUES (15, 9, '2023-02-13', '2020-03-08 07:39:09', '2015-01-29 06:17:47');
INSERT INTO `services` VALUES (16, 65, '2018-09-28', '2021-02-13 04:47:27', '2017-02-21 13:44:22');
INSERT INTO `services` VALUES (17, 56, '2023-02-10', '2004-02-26 01:24:59', '2004-05-24 19:00:08');
INSERT INTO `services` VALUES (18, 40, '2020-03-26', '2006-12-29 14:21:16', '2003-11-05 23:12:54');
INSERT INTO `services` VALUES (19, 98, '2020-10-03', '2020-10-28 08:33:14', '2023-02-06 04:30:14');
INSERT INTO `services` VALUES (20, 60, '2019-05-24', '2005-02-25 10:28:33', '2013-11-12 17:54:57');
INSERT INTO `services` VALUES (21, 26, '2019-06-20', '2021-06-09 05:26:29', '2009-10-25 21:13:40');
INSERT INTO `services` VALUES (22, 54, '2018-02-02', '2019-07-25 12:47:24', '2016-05-22 15:07:17');
INSERT INTO `services` VALUES (23, 34, '2021-05-03', '2007-08-21 09:59:53', '2021-12-14 12:21:03');
INSERT INTO `services` VALUES (24, 67, '2021-12-16', '2018-07-06 22:24:57', '2008-07-17 06:33:55');
INSERT INTO `services` VALUES (25, 78, '2021-05-28', '2019-12-20 13:03:24', '2013-06-02 05:44:01');
INSERT INTO `services` VALUES (26, 71, '2020-11-13', '2008-04-22 09:59:34', '2019-08-11 16:12:42');
INSERT INTO `services` VALUES (27, 75, '2020-05-09', '2009-01-12 13:20:01', '2022-02-04 00:48:23');
INSERT INTO `services` VALUES (28, 38, '2020-11-21', '2015-03-05 11:10:28', '2008-07-06 08:41:07');
INSERT INTO `services` VALUES (29, 87, '2018-03-27', '2022-04-26 16:18:26', '2016-07-10 13:46:23');
INSERT INTO `services` VALUES (30, 32, '2022-08-12', '2020-04-23 10:46:32', '2014-12-02 15:10:00');
INSERT INTO `services` VALUES (31, 57, '2018-12-31', '2021-07-24 20:41:46', '2014-02-20 18:04:30');
INSERT INTO `services` VALUES (32, 86, '2021-12-08', '2019-10-08 17:09:53', '2020-10-11 07:47:54');
INSERT INTO `services` VALUES (33, 66, '2021-03-12', '2014-05-15 13:05:06', '2023-02-06 16:46:23');
INSERT INTO `services` VALUES (34, 28, '2021-02-22', '2000-05-14 18:13:28', '2005-05-31 15:44:10');
INSERT INTO `services` VALUES (35, 59, '2019-12-25', '2023-03-17 00:22:04', '2002-01-08 10:07:12');
INSERT INTO `services` VALUES (36, 12, '2022-07-13', '2000-09-12 09:14:26', '2007-10-11 09:47:32');
INSERT INTO `services` VALUES (37, 82, '2020-03-14', '2007-07-14 06:28:48', '2006-01-18 18:28:34');
INSERT INTO `services` VALUES (38, 22, '2018-01-24', '2010-10-21 12:03:57', '2020-12-07 02:14:15');
INSERT INTO `services` VALUES (39, 17, '2021-10-17', '2014-02-09 12:23:47', '2020-02-19 20:44:03');
INSERT INTO `services` VALUES (40, 49, '2018-04-03', '2020-10-05 05:42:22', '2020-01-24 19:06:49');
INSERT INTO `services` VALUES (41, 38, '2018-11-06', '2012-07-06 10:28:21', '2019-02-11 12:31:31');
INSERT INTO `services` VALUES (42, 26, '2019-05-28', '2007-05-25 20:43:07', '2017-03-19 00:13:26');
INSERT INTO `services` VALUES (43, 2, '2022-08-23', '2009-11-01 22:01:46', '2008-10-04 12:47:36');
INSERT INTO `services` VALUES (44, 77, '2019-06-09', '2001-12-10 03:16:12', '2008-12-12 01:25:14');
INSERT INTO `services` VALUES (45, 75, '2020-11-11', '2020-06-27 14:23:15', '2012-10-13 12:13:55');
INSERT INTO `services` VALUES (46, 42, '2018-11-30', '2010-10-21 22:51:07', '2009-09-30 05:38:59');
INSERT INTO `services` VALUES (47, 77, '2021-05-09', '2000-04-18 20:53:18', '2011-02-24 21:38:32');
INSERT INTO `services` VALUES (48, 74, '2021-10-16', '2013-08-18 12:45:28', '2014-10-14 06:32:20');
INSERT INTO `services` VALUES (49, 8, '2020-05-19', '2004-10-02 21:28:47', '2015-11-12 18:52:36');
INSERT INTO `services` VALUES (50, 35, '2019-04-30', '2023-02-21 08:14:57', '2016-08-22 02:34:13');
INSERT INTO `services` VALUES (51, 78, '2018-11-30', '2009-04-12 12:06:30', '2016-07-04 02:56:31');
INSERT INTO `services` VALUES (52, 6, '2022-02-11', '2004-10-12 06:27:18', '2010-12-27 02:49:33');
INSERT INTO `services` VALUES (53, 46, '2022-03-05', '2015-04-10 02:55:58', '2019-01-19 22:50:58');
INSERT INTO `services` VALUES (54, 25, '2022-06-06', '2000-07-11 12:44:36', '2004-09-10 00:00:12');
INSERT INTO `services` VALUES (55, 75, '2021-05-06', '2015-09-10 11:12:51', '2015-01-22 09:14:23');
INSERT INTO `services` VALUES (56, 64, '2022-07-20', '2007-06-17 02:42:27', '2002-01-17 13:28:06');
INSERT INTO `services` VALUES (57, 80, '2022-04-15', '2002-10-23 20:13:14', '2006-04-10 03:05:40');
INSERT INTO `services` VALUES (58, 59, '2019-06-02', '2006-09-09 00:32:51', '2008-05-09 07:54:47');
INSERT INTO `services` VALUES (59, 69, '2018-08-15', '2011-05-26 04:22:44', '2011-07-20 11:04:32');
INSERT INTO `services` VALUES (60, 49, '2019-10-21', '2021-02-20 21:49:23', '2017-01-12 21:14:11');
INSERT INTO `services` VALUES (61, 9, '2018-12-22', '2013-07-21 02:49:40', '2017-12-18 11:27:10');
INSERT INTO `services` VALUES (62, 91, '2019-03-16', '2008-07-19 07:24:00', '2022-09-16 19:28:08');
INSERT INTO `services` VALUES (63, 54, '2021-03-22', '2021-02-19 20:29:29', '2004-05-31 22:06:48');
INSERT INTO `services` VALUES (64, 11, '2021-09-05', '2020-07-07 21:25:04', '2009-10-25 02:14:08');
INSERT INTO `services` VALUES (65, 71, '2022-03-08', '2002-10-11 19:21:41', '2012-06-23 10:42:08');
INSERT INTO `services` VALUES (66, 89, '2018-08-25', '2005-02-11 08:27:22', '2005-01-23 05:35:59');
INSERT INTO `services` VALUES (67, 20, '2021-01-13', '2013-08-31 03:23:17', '2008-09-05 16:43:21');
INSERT INTO `services` VALUES (68, 72, '2019-02-23', '2017-10-12 04:22:15', '2003-09-25 13:11:41');
INSERT INTO `services` VALUES (69, 57, '2020-05-13', '2021-06-30 14:58:15', '2004-06-30 13:03:12');
INSERT INTO `services` VALUES (70, 85, '2022-11-30', '2021-01-12 17:30:48', '2017-10-11 04:38:29');
INSERT INTO `services` VALUES (71, 86, '2019-06-22', '2022-07-18 04:31:36', '2003-11-19 23:22:47');
INSERT INTO `services` VALUES (72, 68, '2019-01-20', '2003-02-11 14:17:50', '2004-04-23 03:02:32');
INSERT INTO `services` VALUES (73, 8, '2020-03-12', '2018-05-15 17:44:04', '2019-04-19 20:56:32');
INSERT INTO `services` VALUES (74, 5, '2018-05-04', '2018-03-02 14:53:47', '2004-03-30 05:35:55');
INSERT INTO `services` VALUES (75, 62, '2020-05-30', '2010-04-18 13:41:51', '2010-08-11 21:32:35');
INSERT INTO `services` VALUES (76, 45, '2019-08-23', '2016-02-02 17:01:21', '2018-05-12 01:28:57');
INSERT INTO `services` VALUES (77, 79, '2022-08-20', '2006-06-11 15:19:21', '2022-03-15 05:23:39');
INSERT INTO `services` VALUES (78, 74, '2020-04-01', '2018-05-24 05:12:18', '2003-08-22 14:40:39');
INSERT INTO `services` VALUES (79, 2, '2019-08-23', '2006-09-17 23:28:33', '2019-09-07 21:28:06');
INSERT INTO `services` VALUES (80, 74, '2018-07-29', '2016-05-21 12:13:15', '2011-09-07 21:35:42');
INSERT INTO `services` VALUES (81, 42, '2019-05-30', '2013-11-03 10:58:04', '2002-08-29 23:16:44');
INSERT INTO `services` VALUES (82, 80, '2020-08-09', '2013-12-24 02:22:58', '2004-06-07 12:50:22');
INSERT INTO `services` VALUES (83, 21, '2022-12-23', '2014-10-10 09:12:09', '2002-01-06 23:48:34');
INSERT INTO `services` VALUES (84, 56, '2022-12-07', '2000-01-25 15:55:56', '2008-06-14 04:08:14');
INSERT INTO `services` VALUES (85, 39, '2019-12-03', '2000-12-18 03:03:24', '2010-09-25 09:01:41');
INSERT INTO `services` VALUES (86, 28, '2022-08-07', '2021-04-21 22:41:55', '2000-12-25 01:13:46');
INSERT INTO `services` VALUES (87, 41, '2020-08-01', '2007-06-12 20:31:43', '2022-07-17 21:51:46');
INSERT INTO `services` VALUES (88, 63, '2020-07-26', '2019-07-31 01:51:13', '2009-10-30 09:31:00');
INSERT INTO `services` VALUES (89, 70, '2023-01-12', '2006-06-21 23:32:20', '2001-12-03 02:46:42');
INSERT INTO `services` VALUES (90, 99, '2021-10-26', '2020-09-11 20:03:14', '2000-12-23 00:00:40');
INSERT INTO `services` VALUES (91, 49, '2022-06-07', '2004-07-11 00:32:26', '2016-11-18 18:28:50');
INSERT INTO `services` VALUES (92, 81, '2021-06-20', '2007-03-07 08:35:44', '2021-11-17 08:19:36');
INSERT INTO `services` VALUES (93, 73, '2019-03-13', '2009-10-30 17:15:27', '2014-03-13 04:06:01');
INSERT INTO `services` VALUES (94, 27, '2022-08-26', '2010-05-05 06:40:41', '2010-05-16 00:25:07');
INSERT INTO `services` VALUES (95, 12, '2022-06-24', '2013-09-07 16:02:21', '2007-01-03 17:47:07');
INSERT INTO `services` VALUES (96, 63, '2022-09-28', '2006-07-27 04:46:59', '2010-08-03 07:38:56');
INSERT INTO `services` VALUES (97, 6, '2019-10-24', '2018-12-08 08:09:25', '2001-07-12 14:46:31');
INSERT INTO `services` VALUES (98, 15, '2019-11-24', '2014-10-23 13:32:20', '2015-02-05 00:16:16');
INSERT INTO `services` VALUES (99, 78, '2018-09-08', '2016-11-21 01:35:25', '2009-10-25 14:33:54');
INSERT INTO `services` VALUES (100, 46, '2021-08-17', '2001-10-09 02:57:22', '2011-07-03 10:55:17');
INSERT INTO `services` VALUES (101, 73, '2020-02-23', '2009-06-03 19:51:45', '2002-09-07 11:36:46');
INSERT INTO `services` VALUES (102, 6, '2020-03-11', '2017-12-25 04:44:02', '2002-07-16 09:35:49');
INSERT INTO `services` VALUES (103, 15, '2019-08-31', '2008-08-15 20:27:33', '2021-04-04 21:37:21');
INSERT INTO `services` VALUES (104, 37, '2020-11-29', '2010-11-25 00:58:22', '2005-01-04 03:37:22');
INSERT INTO `services` VALUES (105, 83, '2019-04-19', '2001-07-13 08:48:52', '2013-07-11 23:04:56');
INSERT INTO `services` VALUES (106, 7, '2019-09-30', '2002-12-06 04:38:17', '2011-01-11 03:44:29');
INSERT INTO `services` VALUES (107, 18, '2019-11-07', '2012-04-09 03:55:34', '2021-05-01 11:28:01');
INSERT INTO `services` VALUES (108, 43, '2019-04-16', '2013-09-18 02:26:50', '2002-06-28 21:20:56');
INSERT INTO `services` VALUES (109, 76, '2020-02-15', '2018-09-09 03:11:24', '2010-11-12 13:57:08');
INSERT INTO `services` VALUES (110, 80, '2018-08-09', '2021-12-12 14:36:40', '2016-04-03 14:32:59');
INSERT INTO `services` VALUES (111, 44, '2021-11-14', '2020-09-13 16:14:44', '2005-02-15 19:45:20');
INSERT INTO `services` VALUES (112, 49, '2019-09-10', '2022-05-21 04:46:08', '2013-09-01 18:41:38');
INSERT INTO `services` VALUES (113, 47, '2020-10-15', '2008-02-24 15:07:52', '2010-11-01 06:43:33');
INSERT INTO `services` VALUES (114, 58, '2019-06-06', '2011-08-09 03:23:12', '2001-10-23 23:46:38');
INSERT INTO `services` VALUES (115, 74, '2022-08-27', '2020-11-28 12:05:44', '2005-11-19 14:09:04');
INSERT INTO `services` VALUES (116, 74, '2020-03-02', '2002-02-01 09:50:33', '2003-05-23 01:35:19');
INSERT INTO `services` VALUES (117, 32, '2019-08-12', '2012-01-12 06:46:52', '2017-01-31 10:31:15');
INSERT INTO `services` VALUES (118, 77, '2021-10-17', '2002-10-22 07:04:38', '2002-02-10 05:17:49');
INSERT INTO `services` VALUES (119, 100, '2020-06-10', '2000-09-02 09:50:08', '2010-02-26 03:36:15');
INSERT INTO `services` VALUES (120, 96, '2021-03-14', '2014-06-28 10:00:45', '2006-12-18 18:03:30');
INSERT INTO `services` VALUES (121, 23, '2019-09-16', '2021-01-21 22:07:18', '2009-03-14 16:31:54');
INSERT INTO `services` VALUES (122, 22, '2022-03-23', '2010-01-22 22:14:51', '2014-02-09 02:34:28');
INSERT INTO `services` VALUES (123, 16, '2023-01-04', '2016-04-04 05:03:26', '2012-08-12 15:01:30');
INSERT INTO `services` VALUES (124, 85, '2020-07-27', '2007-03-15 21:37:02', '2022-12-26 17:13:07');
INSERT INTO `services` VALUES (125, 14, '2021-08-25', '2018-12-23 06:10:50', '2023-03-21 21:55:21');
INSERT INTO `services` VALUES (126, 74, '2023-01-04', '2006-05-23 18:44:31', '2012-08-02 18:38:05');
INSERT INTO `services` VALUES (127, 21, '2022-04-14', '2020-03-29 20:25:25', '2006-09-15 04:54:41');
INSERT INTO `services` VALUES (128, 69, '2020-03-12', '2002-11-24 19:23:17', '2021-05-05 04:58:57');
INSERT INTO `services` VALUES (129, 19, '2021-05-02', '2001-12-13 11:04:53', '2006-07-21 17:55:11');
INSERT INTO `services` VALUES (130, 58, '2022-10-13', '2013-04-25 21:02:08', '2000-12-23 22:02:42');
INSERT INTO `services` VALUES (131, 29, '2018-12-30', '2017-09-18 14:19:34', '2012-02-08 15:45:33');
INSERT INTO `services` VALUES (132, 59, '2019-02-03', '2002-02-09 14:46:59', '2012-08-11 12:55:28');
INSERT INTO `services` VALUES (133, 88, '2021-09-21', '2003-03-07 09:03:40', '2002-12-28 03:07:46');
INSERT INTO `services` VALUES (134, 52, '2021-12-02', '2022-08-01 00:50:24', '2010-08-17 19:58:43');
INSERT INTO `services` VALUES (135, 19, '2021-04-06', '2012-03-22 12:31:28', '2021-02-27 06:31:48');
INSERT INTO `services` VALUES (136, 52, '2018-07-21', '2012-11-01 10:06:23', '2001-03-14 00:30:52');
INSERT INTO `services` VALUES (137, 18, '2021-06-04', '2017-10-13 22:55:31', '2006-02-07 09:41:35');
INSERT INTO `services` VALUES (138, 2, '2018-01-31', '2010-02-26 04:16:35', '2007-08-10 01:43:12');
INSERT INTO `services` VALUES (139, 4, '2019-08-14', '2015-06-14 07:02:34', '2012-04-02 06:05:45');
INSERT INTO `services` VALUES (140, 61, '2018-02-27', '2011-11-10 09:57:06', '2012-06-08 07:05:50');
INSERT INTO `services` VALUES (141, 9, '2020-01-30', '2014-04-09 18:50:54', '2017-04-28 09:04:57');
INSERT INTO `services` VALUES (142, 2, '2021-02-10', '2023-03-07 21:21:05', '2012-12-06 15:21:26');
INSERT INTO `services` VALUES (143, 30, '2023-01-03', '2007-09-29 07:02:25', '2010-11-06 13:03:51');
INSERT INTO `services` VALUES (144, 98, '2021-03-30', '2014-11-19 15:00:01', '2019-10-02 20:25:46');
INSERT INTO `services` VALUES (145, 34, '2020-11-03', '2006-08-08 08:21:14', '2015-06-27 08:30:00');
INSERT INTO `services` VALUES (146, 71, '2021-09-11', '2000-07-28 03:42:59', '2019-07-25 17:30:39');
INSERT INTO `services` VALUES (147, 96, '2018-06-05', '2014-02-03 21:25:57', '2005-05-18 20:10:36');
INSERT INTO `services` VALUES (148, 46, '2018-11-12', '2008-12-27 01:37:00', '2009-07-08 22:22:02');
INSERT INTO `services` VALUES (149, 49, '2019-08-07', '2013-08-05 23:24:19', '2013-01-30 11:10:00');
INSERT INTO `services` VALUES (150, 41, '2022-11-03', '2014-01-05 17:14:49', '2008-05-30 02:45:23');
INSERT INTO `services` VALUES (151, 87, '2021-02-22', '2021-03-25 06:17:38', '2017-05-22 19:57:48');
INSERT INTO `services` VALUES (152, 40, '2022-01-07', '2011-10-25 09:26:27', '2019-07-01 13:42:09');
INSERT INTO `services` VALUES (153, 99, '2022-01-20', '2007-08-28 16:37:14', '2013-07-13 11:44:03');
INSERT INTO `services` VALUES (154, 27, '2022-12-17', '2007-10-17 18:47:27', '2007-01-20 05:39:33');
INSERT INTO `services` VALUES (155, 79, '2021-06-21', '2017-01-29 05:38:32', '2019-12-26 00:12:06');
INSERT INTO `services` VALUES (156, 6, '2021-08-03', '2009-10-01 06:31:02', '2005-05-17 15:13:42');
INSERT INTO `services` VALUES (157, 48, '2018-09-13', '2020-06-15 06:49:19', '2022-11-05 08:48:02');
INSERT INTO `services` VALUES (158, 74, '2018-09-14', '2015-11-26 09:28:00', '2019-01-20 13:57:15');
INSERT INTO `services` VALUES (159, 55, '2019-09-14', '2021-05-07 20:21:18', '2001-04-12 06:50:37');
INSERT INTO `services` VALUES (160, 4, '2019-02-13', '2015-04-14 05:17:22', '2009-05-30 15:13:04');
INSERT INTO `services` VALUES (161, 26, '2021-01-06', '2012-12-18 11:29:24', '2000-12-11 08:36:44');
INSERT INTO `services` VALUES (162, 26, '2021-05-01', '2011-05-24 10:31:09', '2010-07-09 21:01:48');
INSERT INTO `services` VALUES (163, 28, '2021-09-23', '2008-07-14 16:52:17', '2000-02-14 01:18:22');
INSERT INTO `services` VALUES (164, 26, '2020-08-07', '2005-10-18 01:23:48', '2001-05-23 12:33:43');
INSERT INTO `services` VALUES (165, 64, '2022-04-01', '2017-10-27 22:50:03', '2019-02-27 19:39:33');
INSERT INTO `services` VALUES (166, 26, '2021-04-24', '2007-01-07 07:02:04', '2016-04-06 14:19:57');
INSERT INTO `services` VALUES (167, 4, '2022-01-21', '2016-12-12 05:38:03', '2007-07-30 11:18:12');
INSERT INTO `services` VALUES (168, 71, '2020-12-25', '2010-09-18 18:20:39', '2009-11-03 18:03:44');
INSERT INTO `services` VALUES (169, 75, '2022-05-07', '2020-10-04 10:15:32', '2004-09-23 03:48:04');
INSERT INTO `services` VALUES (170, 3, '2019-09-15', '2017-06-08 14:40:13', '2017-12-01 22:03:18');
INSERT INTO `services` VALUES (171, 90, '2020-01-16', '2016-02-19 08:31:32', '2010-11-22 05:19:23');
INSERT INTO `services` VALUES (172, 47, '2021-04-30', '2020-01-21 13:55:28', '2022-03-03 13:38:02');
INSERT INTO `services` VALUES (173, 47, '2019-01-31', '2003-08-16 00:29:58', '2014-01-31 17:19:10');
INSERT INTO `services` VALUES (174, 7, '2019-06-20', '2018-05-25 10:24:35', '2007-01-19 08:13:16');
INSERT INTO `services` VALUES (175, 87, '2019-01-29', '2011-09-20 20:14:52', '2003-12-30 16:18:23');
INSERT INTO `services` VALUES (176, 11, '2019-12-21', '2004-09-18 12:39:39', '2019-01-13 11:22:24');
INSERT INTO `services` VALUES (177, 4, '2021-05-10', '2006-09-19 16:28:11', '2005-02-22 05:07:10');
INSERT INTO `services` VALUES (178, 91, '2019-05-02', '2014-05-27 04:08:58', '2007-05-15 17:04:39');
INSERT INTO `services` VALUES (179, 29, '2022-01-04', '2008-03-29 10:49:40', '2005-04-06 08:50:32');
INSERT INTO `services` VALUES (180, 83, '2018-01-12', '2019-10-26 13:01:54', '2017-05-03 05:14:31');
INSERT INTO `services` VALUES (181, 95, '2023-03-08', '2006-03-21 16:26:39', '2021-09-01 16:51:42');
INSERT INTO `services` VALUES (182, 96, '2020-12-07', '2011-05-19 19:42:08', '2002-01-28 16:14:11');
INSERT INTO `services` VALUES (183, 29, '2020-12-06', '2002-06-25 07:31:23', '2013-03-26 21:54:03');
INSERT INTO `services` VALUES (184, 59, '2021-01-22', '2017-02-27 06:13:50', '2014-01-15 20:20:03');
INSERT INTO `services` VALUES (185, 68, '2022-05-02', '2006-02-06 02:47:59', '2012-06-24 02:15:20');
INSERT INTO `services` VALUES (186, 46, '2022-06-07', '2006-05-09 22:10:57', '2003-10-12 13:42:55');
INSERT INTO `services` VALUES (187, 91, '2022-12-22', '2007-05-23 04:26:27', '2021-02-03 02:16:42');
INSERT INTO `services` VALUES (188, 41, '2018-11-15', '2003-03-18 16:30:13', '2009-10-19 08:56:04');
INSERT INTO `services` VALUES (189, 17, '2021-08-27', '2006-01-27 10:20:20', '2000-06-07 13:40:35');
INSERT INTO `services` VALUES (190, 91, '2020-06-30', '2006-03-05 16:17:09', '2007-03-20 19:16:04');
INSERT INTO `services` VALUES (191, 94, '2021-06-01', '2003-04-11 15:04:30', '2015-07-11 11:37:50');
INSERT INTO `services` VALUES (192, 6, '2022-09-09', '2018-06-02 20:31:22', '2020-09-28 09:33:54');
INSERT INTO `services` VALUES (193, 92, '2019-04-11', '2021-06-06 03:17:24', '2015-02-28 02:46:56');
INSERT INTO `services` VALUES (194, 30, '2018-11-09', '2008-04-06 01:06:17', '2008-09-19 04:58:13');
INSERT INTO `services` VALUES (195, 81, '2019-05-01', '2017-06-21 13:07:02', '2016-09-16 18:26:54');
INSERT INTO `services` VALUES (196, 22, '2018-04-06', '2002-04-20 22:40:40', '2018-06-13 08:44:30');
INSERT INTO `services` VALUES (197, 83, '2022-03-30', '2021-03-31 22:00:11', '2002-12-30 12:30:27');
INSERT INTO `services` VALUES (198, 71, '2019-09-18', '2015-10-23 07:04:54', '2017-12-23 02:09:53');
INSERT INTO `services` VALUES (199, 77, '2023-02-19', '2007-08-01 04:54:11', '2012-05-30 23:18:24');
INSERT INTO `services` VALUES (200, 55, '2022-09-17', '2008-12-24 00:53:49', '2013-12-29 08:33:47');
INSERT INTO `services` VALUES (201, 26, '2022-11-29', '2008-09-02 10:41:35', '2003-11-29 02:04:20');
INSERT INTO `services` VALUES (202, 13, '2020-12-23', '2015-01-07 06:28:06', '2014-11-25 21:08:29');
INSERT INTO `services` VALUES (203, 6, '2020-02-24', '2012-08-24 15:12:41', '2012-04-29 17:18:31');
INSERT INTO `services` VALUES (204, 94, '2021-01-24', '2004-12-03 10:11:37', '2005-12-08 01:36:39');
INSERT INTO `services` VALUES (205, 9, '2022-01-06', '2015-03-14 12:04:19', '2009-11-07 16:44:20');
INSERT INTO `services` VALUES (206, 75, '2022-04-10', '2018-12-14 12:09:04', '2003-05-05 04:42:13');
INSERT INTO `services` VALUES (207, 86, '2018-06-16', '2013-04-23 06:48:51', '2010-01-24 02:42:00');
INSERT INTO `services` VALUES (208, 27, '2018-07-12', '2008-11-30 19:18:57', '2008-02-07 09:19:48');
INSERT INTO `services` VALUES (209, 71, '2019-08-06', '2017-04-20 06:32:47', '2001-10-03 21:00:45');
INSERT INTO `services` VALUES (210, 65, '2021-02-02', '2005-01-08 01:29:16', '2006-06-03 17:33:00');
INSERT INTO `services` VALUES (211, 44, '2022-09-26', '2006-07-08 08:53:17', '2002-06-07 09:46:03');
INSERT INTO `services` VALUES (212, 19, '2022-08-24', '2019-08-10 03:16:35', '2001-08-13 06:35:53');
INSERT INTO `services` VALUES (213, 32, '2022-11-21', '2000-10-27 13:56:47', '2005-05-19 14:31:38');
INSERT INTO `services` VALUES (214, 24, '2018-08-24', '2019-09-29 09:36:40', '2004-08-03 03:53:56');
INSERT INTO `services` VALUES (215, 81, '2022-04-25', '2009-03-31 07:34:12', '2021-06-02 10:41:47');
INSERT INTO `services` VALUES (216, 24, '2022-06-16', '2018-08-05 20:02:00', '2015-05-09 09:12:41');
INSERT INTO `services` VALUES (217, 46, '2020-05-08', '2000-02-08 13:06:40', '2007-02-06 01:45:31');
INSERT INTO `services` VALUES (218, 77, '2021-02-11', '2018-02-17 20:47:17', '2002-01-23 21:57:58');
INSERT INTO `services` VALUES (219, 88, '2021-05-02', '2011-05-19 11:39:55', '2020-05-23 03:09:57');
INSERT INTO `services` VALUES (220, 79, '2020-05-29', '2016-07-14 14:10:35', '2020-10-24 16:18:10');
INSERT INTO `services` VALUES (221, 37, '2020-04-11', '2013-01-19 12:52:13', '2001-09-28 18:11:12');
INSERT INTO `services` VALUES (222, 53, '2019-01-23', '2005-03-04 12:57:38', '2011-09-17 12:16:53');
INSERT INTO `services` VALUES (223, 85, '2018-12-07', '2016-08-11 19:58:09', '2005-05-28 00:34:09');
INSERT INTO `services` VALUES (224, 98, '2018-05-22', '2002-09-20 21:35:06', '2009-06-02 05:00:09');
INSERT INTO `services` VALUES (225, 15, '2019-12-05', '2012-05-11 10:50:26', '2007-04-28 01:24:13');
INSERT INTO `services` VALUES (226, 82, '2018-03-11', '2017-03-21 09:26:04', '2020-05-15 16:33:09');
INSERT INTO `services` VALUES (227, 25, '2020-11-19', '2009-09-08 03:26:25', '2012-03-05 06:59:05');
INSERT INTO `services` VALUES (228, 62, '2019-07-05', '2018-08-27 08:31:15', '2020-10-13 02:21:41');
INSERT INTO `services` VALUES (229, 76, '2019-06-13', '2005-08-08 11:18:58', '2022-01-22 07:14:43');
INSERT INTO `services` VALUES (230, 88, '2020-08-08', '2011-04-05 00:10:39', '2017-12-13 07:17:34');
INSERT INTO `services` VALUES (231, 43, '2022-02-14', '2007-08-11 00:38:59', '2002-05-11 22:26:25');
INSERT INTO `services` VALUES (232, 37, '2018-01-12', '2021-11-01 19:02:50', '2009-03-04 08:44:24');
INSERT INTO `services` VALUES (233, 30, '2022-04-11', '2021-07-12 06:54:04', '2018-04-01 05:54:19');
INSERT INTO `services` VALUES (234, 89, '2020-06-09', '2020-06-25 10:04:23', '2005-06-24 01:18:33');
INSERT INTO `services` VALUES (235, 25, '2019-10-20', '2021-07-09 23:42:55', '2002-06-26 02:14:58');
INSERT INTO `services` VALUES (236, 21, '2019-01-20', '2007-04-02 22:48:16', '2009-12-09 08:56:02');
INSERT INTO `services` VALUES (237, 85, '2022-02-01', '2021-10-25 02:21:29', '2000-04-28 06:50:32');
INSERT INTO `services` VALUES (238, 83, '2022-01-03', '2018-01-24 21:52:31', '2013-04-14 12:54:55');
INSERT INTO `services` VALUES (239, 5, '2020-12-19', '2000-01-16 11:50:22', '2013-07-06 12:27:28');
INSERT INTO `services` VALUES (240, 96, '2022-04-21', '2008-05-04 03:58:54', '2011-02-13 03:28:43');
INSERT INTO `services` VALUES (241, 38, '2019-03-15', '2005-01-11 23:13:00', '2000-08-01 02:30:01');
INSERT INTO `services` VALUES (242, 10, '2023-01-07', '2019-09-02 21:28:27', '2016-06-22 17:47:01');
INSERT INTO `services` VALUES (243, 86, '2021-06-01', '2014-02-22 19:22:20', '2020-07-16 19:32:02');
INSERT INTO `services` VALUES (244, 25, '2022-01-02', '2018-05-02 08:51:39', '2002-02-18 22:04:21');
INSERT INTO `services` VALUES (245, 48, '2018-06-15', '2000-12-26 19:40:53', '2019-02-10 17:13:52');
INSERT INTO `services` VALUES (246, 36, '2018-05-03', '2011-09-27 05:03:17', '2004-11-07 08:35:18');
INSERT INTO `services` VALUES (247, 27, '2019-03-13', '2006-09-14 18:23:51', '2020-03-17 12:17:08');
INSERT INTO `services` VALUES (248, 82, '2022-09-20', '2013-10-20 12:36:44', '2000-11-09 13:23:03');
INSERT INTO `services` VALUES (249, 79, '2023-02-28', '2000-01-25 10:20:55', '2019-05-03 01:18:07');
INSERT INTO `services` VALUES (250, 12, '2023-03-21', '2014-06-03 13:34:53', '2021-11-03 15:32:03');
INSERT INTO `services` VALUES (251, 4, '2020-04-14', '2021-08-23 07:31:54', '2015-05-10 21:13:13');
INSERT INTO `services` VALUES (252, 90, '2020-12-17', '2002-06-18 17:13:19', '2018-12-20 14:02:17');
INSERT INTO `services` VALUES (253, 47, '2019-01-15', '2011-11-28 00:51:30', '2005-06-18 00:32:29');
INSERT INTO `services` VALUES (254, 97, '2020-06-09', '2001-11-20 13:57:23', '2005-06-17 14:33:35');
INSERT INTO `services` VALUES (255, 25, '2023-01-13', '2019-02-19 14:17:03', '2001-03-14 17:38:42');
INSERT INTO `services` VALUES (256, 8, '2018-09-02', '2000-01-03 19:33:30', '2000-05-11 19:31:09');
INSERT INTO `services` VALUES (257, 85, '2023-02-20', '2020-10-21 12:24:57', '2021-08-15 21:12:26');
INSERT INTO `services` VALUES (258, 72, '2020-05-30', '2011-01-16 17:39:16', '2018-08-20 06:45:14');
INSERT INTO `services` VALUES (259, 58, '2020-02-05', '2019-09-24 07:43:20', '2019-02-08 23:28:25');
INSERT INTO `services` VALUES (260, 26, '2021-05-29', '2010-01-07 03:19:40', '2015-08-06 05:28:51');
INSERT INTO `services` VALUES (261, 5, '2019-09-27', '2019-07-26 16:26:58', '2017-07-10 01:26:10');
INSERT INTO `services` VALUES (262, 49, '2022-12-11', '2016-01-06 11:54:41', '2018-07-28 07:22:03');
INSERT INTO `services` VALUES (263, 9, '2022-01-21', '2015-11-13 18:50:48', '2013-09-15 10:53:46');
INSERT INTO `services` VALUES (264, 50, '2018-07-16', '2000-08-01 11:21:29', '2020-04-04 21:40:50');
INSERT INTO `services` VALUES (265, 30, '2018-12-22', '2011-01-02 03:18:34', '2002-06-05 01:11:30');
INSERT INTO `services` VALUES (266, 37, '2021-01-02', '2021-03-22 00:45:05', '2010-09-02 17:42:47');
INSERT INTO `services` VALUES (267, 46, '2018-12-29', '2019-10-26 13:11:42', '2015-05-11 13:04:44');
INSERT INTO `services` VALUES (268, 83, '2021-04-17', '2005-07-08 15:39:49', '2019-07-24 19:57:22');
INSERT INTO `services` VALUES (269, 68, '2023-03-18', '2017-10-04 05:22:53', '2003-09-06 10:41:01');
INSERT INTO `services` VALUES (270, 39, '2019-01-02', '2001-05-16 16:08:49', '2000-11-19 15:14:18');
INSERT INTO `services` VALUES (271, 66, '2021-01-17', '2011-11-20 04:26:35', '2011-02-21 02:00:21');
INSERT INTO `services` VALUES (272, 10, '2022-04-25', '2000-10-09 23:56:31', '2005-12-11 05:10:56');
INSERT INTO `services` VALUES (273, 82, '2021-11-10', '2010-07-29 10:16:15', '2012-06-22 18:22:37');
INSERT INTO `services` VALUES (274, 20, '2020-10-23', '2018-01-14 00:18:50', '2007-10-11 13:23:38');
INSERT INTO `services` VALUES (275, 95, '2020-09-29', '2000-02-07 21:27:03', '2016-09-07 06:31:42');
INSERT INTO `services` VALUES (276, 97, '2022-06-29', '2016-01-01 03:07:55', '2015-02-04 20:12:24');
INSERT INTO `services` VALUES (277, 96, '2022-03-31', '2015-08-20 15:52:16', '2007-12-20 08:46:07');
INSERT INTO `services` VALUES (278, 96, '2023-03-08', '2014-10-22 14:06:33', '2014-01-22 23:48:59');
INSERT INTO `services` VALUES (279, 40, '2021-05-24', '2013-06-24 01:40:59', '2019-03-04 19:26:06');
INSERT INTO `services` VALUES (280, 88, '2021-06-24', '2010-09-11 01:45:11', '2022-12-27 16:56:40');
INSERT INTO `services` VALUES (281, 21, '2022-08-15', '2005-08-17 21:40:45', '2006-08-15 22:56:19');
INSERT INTO `services` VALUES (282, 68, '2018-12-14', '2013-09-27 06:14:11', '2011-10-18 03:11:19');
INSERT INTO `services` VALUES (283, 61, '2020-10-20', '2001-02-05 22:44:02', '2003-03-25 17:00:30');
INSERT INTO `services` VALUES (284, 80, '2020-09-16', '2013-07-28 21:17:15', '2020-10-03 13:14:57');
INSERT INTO `services` VALUES (285, 41, '2018-02-28', '2012-12-25 05:34:06', '2017-02-10 18:22:47');
INSERT INTO `services` VALUES (286, 29, '2020-11-20', '2008-07-02 10:15:03', '2013-08-14 22:11:14');
INSERT INTO `services` VALUES (287, 87, '2021-10-17', '2016-12-02 21:38:28', '2006-10-09 19:51:08');
INSERT INTO `services` VALUES (288, 15, '2021-11-15', '2010-01-28 23:00:54', '2005-02-25 08:33:48');
INSERT INTO `services` VALUES (289, 29, '2019-05-30', '2013-12-04 20:29:10', '2005-05-29 00:59:27');
INSERT INTO `services` VALUES (290, 96, '2020-12-21', '2013-07-20 22:33:00', '2006-10-12 12:54:47');
INSERT INTO `services` VALUES (291, 56, '2018-06-03', '2013-07-11 16:11:43', '2008-05-05 03:57:44');
INSERT INTO `services` VALUES (292, 52, '2018-10-23', '2009-01-19 01:53:49', '2020-08-15 03:01:27');
INSERT INTO `services` VALUES (293, 92, '2020-05-04', '2005-07-21 19:50:49', '2006-07-06 06:52:40');
INSERT INTO `services` VALUES (294, 66, '2020-08-31', '2011-03-28 08:44:42', '2013-08-16 14:12:47');
INSERT INTO `services` VALUES (295, 10, '2021-11-02', '2000-10-19 17:29:45', '2002-11-16 03:52:07');
INSERT INTO `services` VALUES (296, 36, '2022-05-13', '2022-05-11 08:56:02', '2012-07-06 13:43:28');
INSERT INTO `services` VALUES (297, 17, '2021-08-12', '2000-06-16 06:26:17', '2002-08-31 01:49:39');
INSERT INTO `services` VALUES (298, 2, '2020-02-04', '2013-04-07 01:41:59', '2016-12-23 19:51:04');
INSERT INTO `services` VALUES (299, 83, '2018-05-02', '2016-08-10 10:46:36', '2003-12-29 05:05:11');
INSERT INTO `services` VALUES (300, 50, '2020-12-09', '2005-08-31 01:04:31', '2013-11-21 22:04:42');
INSERT INTO `services` VALUES (301, 68, '2018-06-05', '2012-05-08 21:12:23', '2022-05-08 08:19:56');
INSERT INTO `services` VALUES (302, 71, '2020-07-05', '2020-10-25 07:29:35', '2013-06-28 01:30:09');
INSERT INTO `services` VALUES (303, 73, '2018-08-25', '2000-01-02 19:16:34', '2016-09-02 20:30:18');
INSERT INTO `services` VALUES (304, 20, '2021-09-16', '2022-06-27 18:11:53', '2011-11-15 01:36:57');
INSERT INTO `services` VALUES (305, 39, '2020-05-09', '2007-11-28 23:35:46', '2006-07-09 14:30:00');
INSERT INTO `services` VALUES (306, 64, '2018-09-09', '2016-11-29 01:47:40', '2021-10-26 16:32:18');
INSERT INTO `services` VALUES (307, 34, '2020-02-27', '2005-06-08 03:34:42', '2021-11-17 04:28:56');
INSERT INTO `services` VALUES (308, 7, '2018-11-24', '2007-02-14 11:24:23', '2017-09-16 06:05:32');
INSERT INTO `services` VALUES (309, 16, '2022-10-20', '2010-01-27 23:43:54', '2000-03-28 19:11:19');
INSERT INTO `services` VALUES (310, 67, '2022-11-23', '2012-12-21 11:14:40', '2010-07-18 10:03:18');
INSERT INTO `services` VALUES (311, 15, '2019-04-18', '2012-09-12 04:22:32', '2005-03-09 00:56:13');
INSERT INTO `services` VALUES (312, 6, '2021-10-12', '2000-02-22 20:07:25', '2017-10-13 01:41:48');
INSERT INTO `services` VALUES (313, 78, '2018-12-08', '2006-10-06 01:26:53', '2013-02-19 13:05:48');
INSERT INTO `services` VALUES (314, 28, '2023-03-09', '2016-04-19 11:07:14', '2022-08-16 18:52:59');
INSERT INTO `services` VALUES (315, 69, '2021-09-23', '2018-05-19 00:04:35', '2007-12-16 18:19:43');
INSERT INTO `services` VALUES (316, 53, '2021-03-16', '2009-09-10 02:26:27', '2005-06-30 13:31:57');
INSERT INTO `services` VALUES (317, 9, '2019-02-21', '2011-06-27 22:10:40', '2011-07-11 00:49:44');
INSERT INTO `services` VALUES (318, 99, '2018-10-03', '2016-09-01 00:51:27', '2018-12-02 15:46:09');
INSERT INTO `services` VALUES (319, 37, '2020-11-23', '2012-02-22 01:56:47', '2017-01-14 04:36:37');
INSERT INTO `services` VALUES (320, 36, '2018-02-13', '2005-07-07 22:11:05', '2010-07-06 19:56:46');
INSERT INTO `services` VALUES (321, 57, '2022-06-29', '2020-03-24 17:31:29', '2020-01-11 11:16:23');
INSERT INTO `services` VALUES (322, 19, '2021-03-07', '2019-01-24 12:39:47', '2023-01-18 04:17:34');
INSERT INTO `services` VALUES (323, 26, '2018-04-12', '2000-11-02 11:15:56', '2019-02-04 19:28:47');
INSERT INTO `services` VALUES (324, 69, '2018-05-10', '2008-12-22 10:56:59', '2016-10-18 08:48:34');
INSERT INTO `services` VALUES (325, 81, '2021-03-26', '2009-09-26 20:01:22', '2017-09-08 12:11:18');
INSERT INTO `services` VALUES (326, 8, '2018-02-23', '2022-06-13 06:00:28', '2014-08-22 20:28:55');
INSERT INTO `services` VALUES (327, 29, '2020-10-15', '2013-11-27 16:57:41', '2013-02-09 06:55:51');
INSERT INTO `services` VALUES (328, 86, '2022-12-13', '2001-01-11 09:17:07', '2003-11-17 23:47:08');
INSERT INTO `services` VALUES (329, 27, '2021-02-16', '2014-01-20 01:59:04', '2009-04-02 06:50:42');
INSERT INTO `services` VALUES (330, 47, '2021-07-09', '2012-08-23 02:39:06', '2017-10-27 00:22:51');
INSERT INTO `services` VALUES (331, 85, '2022-05-03', '2001-05-30 12:32:56', '2004-03-15 01:48:56');
INSERT INTO `services` VALUES (332, 16, '2022-09-22', '2007-11-08 13:23:28', '2022-07-16 20:15:23');
INSERT INTO `services` VALUES (333, 75, '2019-03-26', '2002-11-22 08:44:37', '2018-10-29 14:53:39');
INSERT INTO `services` VALUES (334, 19, '2022-12-14', '2002-09-01 09:49:48', '2005-11-24 08:00:32');
INSERT INTO `services` VALUES (335, 9, '2020-11-08', '2015-12-27 19:35:49', '2022-07-17 08:47:26');
INSERT INTO `services` VALUES (336, 92, '2020-09-29', '2014-05-24 14:48:12', '2020-12-24 06:29:27');
INSERT INTO `services` VALUES (337, 31, '2022-07-24', '2018-07-21 05:24:30', '2021-12-02 23:04:59');
INSERT INTO `services` VALUES (338, 11, '2021-10-16', '2016-11-21 17:14:02', '2012-06-20 12:15:52');
INSERT INTO `services` VALUES (339, 17, '2023-01-15', '2015-12-06 23:15:13', '2005-07-15 07:07:31');
INSERT INTO `services` VALUES (340, 9, '2020-07-20', '2018-07-05 00:57:39', '2022-05-19 05:18:39');
INSERT INTO `services` VALUES (341, 8, '2020-10-02', '2011-05-07 05:38:32', '2002-04-11 13:57:30');
INSERT INTO `services` VALUES (342, 14, '2022-03-28', '2009-02-25 10:41:14', '2022-08-25 08:09:43');
INSERT INTO `services` VALUES (343, 40, '2019-04-08', '2005-06-24 12:13:36', '2022-08-16 21:45:37');
INSERT INTO `services` VALUES (344, 19, '2019-12-04', '2018-02-19 15:28:42', '2004-09-15 20:20:55');
INSERT INTO `services` VALUES (345, 75, '2020-06-04', '2011-10-20 04:14:36', '2012-03-31 12:17:22');
INSERT INTO `services` VALUES (346, 39, '2018-11-05', '2020-11-05 21:22:34', '2017-03-15 21:08:24');
INSERT INTO `services` VALUES (347, 78, '2023-01-24', '2005-03-07 10:10:46', '2013-05-20 20:37:16');
INSERT INTO `services` VALUES (348, 59, '2021-04-30', '2000-09-09 02:15:46', '2012-01-24 19:33:57');
INSERT INTO `services` VALUES (349, 17, '2019-10-25', '2000-07-05 16:07:36', '2011-09-24 00:38:40');
INSERT INTO `services` VALUES (350, 74, '2021-03-28', '2006-01-03 07:32:44', '2022-10-31 18:50:54');
INSERT INTO `services` VALUES (351, 53, '2019-03-08', '2018-07-21 22:52:09', '2017-08-24 20:17:47');
INSERT INTO `services` VALUES (352, 82, '2020-07-16', '2003-03-02 05:08:26', '2022-02-07 18:57:44');
INSERT INTO `services` VALUES (353, 47, '2018-12-23', '2017-08-14 00:37:30', '2015-08-17 19:02:45');
INSERT INTO `services` VALUES (354, 80, '2021-05-12', '2011-07-26 21:19:45', '2005-04-06 22:59:35');
INSERT INTO `services` VALUES (355, 52, '2020-08-16', '2013-01-02 05:34:18', '2023-01-03 08:51:57');
INSERT INTO `services` VALUES (356, 83, '2020-06-17', '2022-05-28 11:01:56', '2012-04-26 21:15:22');
INSERT INTO `services` VALUES (357, 54, '2021-02-22', '2019-08-14 20:49:42', '2023-01-22 11:10:48');
INSERT INTO `services` VALUES (358, 24, '2020-04-21', '2018-12-23 05:43:04', '2007-06-16 14:47:28');
INSERT INTO `services` VALUES (359, 56, '2018-05-22', '2007-09-10 03:39:43', '2004-02-21 08:58:15');
INSERT INTO `services` VALUES (360, 43, '2020-04-10', '2000-05-11 17:11:44', '2000-02-04 02:33:22');
INSERT INTO `services` VALUES (361, 66, '2021-01-14', '2015-02-07 01:42:37', '2012-07-10 20:07:08');
INSERT INTO `services` VALUES (362, 20, '2018-06-29', '2016-02-27 20:09:22', '2000-09-22 08:06:22');
INSERT INTO `services` VALUES (363, 56, '2023-02-02', '2020-05-14 08:46:57', '2005-01-16 10:01:19');
INSERT INTO `services` VALUES (364, 88, '2021-02-01', '2013-11-25 20:44:42', '2008-11-28 16:53:05');
INSERT INTO `services` VALUES (365, 35, '2018-02-28', '2011-03-30 03:22:29', '2018-09-04 14:00:24');
INSERT INTO `services` VALUES (366, 93, '2020-12-13', '2021-12-21 00:08:38', '2009-06-28 17:12:25');
INSERT INTO `services` VALUES (367, 36, '2022-11-02', '2003-05-13 16:06:59', '2015-02-10 22:01:00');
INSERT INTO `services` VALUES (368, 88, '2018-08-23', '2002-07-08 21:43:48', '2002-12-03 09:55:32');
INSERT INTO `services` VALUES (369, 77, '2021-06-07', '2021-09-04 19:55:24', '2003-10-11 19:34:05');
INSERT INTO `services` VALUES (370, 26, '2020-12-14', '2015-11-03 19:40:18', '2009-03-23 22:28:17');
INSERT INTO `services` VALUES (371, 61, '2018-05-17', '2022-12-11 17:42:23', '2006-03-13 18:16:33');
INSERT INTO `services` VALUES (372, 48, '2019-10-09', '2000-05-21 02:38:38', '2004-07-05 13:54:46');
INSERT INTO `services` VALUES (373, 22, '2018-04-19', '2019-04-08 06:02:48', '2001-07-09 04:57:11');
INSERT INTO `services` VALUES (374, 37, '2021-04-22', '2004-12-16 16:19:25', '2020-12-03 20:22:24');
INSERT INTO `services` VALUES (375, 49, '2019-09-11', '2006-02-10 03:50:28', '2005-06-14 21:55:09');
INSERT INTO `services` VALUES (376, 98, '2022-06-21', '2013-06-21 12:13:18', '2011-06-23 18:12:11');
INSERT INTO `services` VALUES (377, 35, '2020-01-11', '2005-08-30 07:20:44', '2010-09-09 08:48:56');
INSERT INTO `services` VALUES (378, 69, '2021-09-28', '2021-03-15 03:51:16', '2020-11-26 10:14:26');
INSERT INTO `services` VALUES (379, 79, '2018-01-07', '2018-05-07 07:24:16', '2021-01-29 03:29:47');
INSERT INTO `services` VALUES (380, 43, '2019-08-24', '2006-06-07 07:40:40', '2020-02-06 13:18:38');
INSERT INTO `services` VALUES (381, 88, '2021-11-07', '2013-08-24 03:39:33', '2011-08-19 16:21:33');
INSERT INTO `services` VALUES (382, 88, '2019-08-10', '2021-03-07 12:37:23', '2002-05-26 19:24:25');
INSERT INTO `services` VALUES (383, 64, '2018-06-12', '2021-04-02 18:36:25', '2015-04-01 08:19:53');
INSERT INTO `services` VALUES (384, 59, '2019-01-14', '2017-05-01 20:06:11', '2007-04-01 22:11:38');
INSERT INTO `services` VALUES (385, 16, '2019-03-24', '2010-03-27 10:06:01', '2001-01-12 05:53:23');
INSERT INTO `services` VALUES (386, 1, '2022-07-12', '2016-02-02 23:30:48', '2003-10-29 21:59:09');
INSERT INTO `services` VALUES (387, 12, '2022-03-13', '2012-11-10 10:31:25', '2006-11-26 08:25:05');
INSERT INTO `services` VALUES (388, 58, '2019-09-23', '2006-07-13 18:58:10', '2021-12-14 09:52:14');
INSERT INTO `services` VALUES (389, 51, '2018-02-13', '2011-12-27 08:40:21', '2022-02-23 12:58:54');
INSERT INTO `services` VALUES (390, 45, '2022-10-29', '2010-04-25 18:50:59', '2015-10-29 00:01:02');
INSERT INTO `services` VALUES (391, 51, '2019-10-25', '2003-12-12 17:31:44', '2003-07-28 03:31:37');
INSERT INTO `services` VALUES (392, 36, '2022-11-21', '2020-02-21 04:21:56', '2006-11-29 11:07:07');
INSERT INTO `services` VALUES (393, 20, '2022-10-13', '2017-10-15 17:30:32', '2015-11-28 10:13:39');
INSERT INTO `services` VALUES (394, 63, '2021-10-20', '2023-03-05 06:43:49', '2009-12-09 23:01:24');
INSERT INTO `services` VALUES (395, 17, '2019-01-02', '2005-03-29 22:03:05', '2016-10-09 00:13:56');
INSERT INTO `services` VALUES (396, 58, '2018-10-08', '2002-08-13 01:40:50', '2001-06-30 17:41:05');
INSERT INTO `services` VALUES (397, 55, '2019-01-24', '2018-06-12 04:54:35', '2002-03-11 04:31:17');
INSERT INTO `services` VALUES (398, 28, '2021-11-29', '2005-02-28 11:36:00', '2014-01-21 20:35:44');
INSERT INTO `services` VALUES (399, 69, '2018-05-04', '2018-11-29 17:03:21', '2012-02-18 17:14:26');
INSERT INTO `services` VALUES (400, 99, '2020-02-05', '2005-05-21 18:06:03', '2001-11-12 02:26:48');
INSERT INTO `services` VALUES (401, 35, '2018-07-24', '2014-11-29 02:07:39', '2018-02-25 04:52:20');
INSERT INTO `services` VALUES (402, 81, '2022-03-30', '2008-01-25 23:39:05', '2016-02-20 06:45:57');
INSERT INTO `services` VALUES (403, 27, '2019-04-11', '2003-11-15 18:10:39', '2003-02-12 07:27:23');
INSERT INTO `services` VALUES (404, 11, '2019-04-26', '2005-10-15 13:35:45', '2015-09-17 06:15:16');
INSERT INTO `services` VALUES (405, 65, '2018-05-06', '2021-03-13 22:09:58', '2003-11-01 22:23:19');
INSERT INTO `services` VALUES (406, 91, '2022-03-17', '2011-06-07 18:43:00', '2005-06-24 08:30:00');
INSERT INTO `services` VALUES (407, 81, '2019-08-27', '2015-12-20 07:25:28', '2021-12-31 00:08:21');
INSERT INTO `services` VALUES (408, 6, '2020-03-30', '2002-06-21 10:53:06', '2007-05-12 01:00:08');
INSERT INTO `services` VALUES (409, 38, '2018-10-19', '2015-05-24 13:09:59', '2011-01-01 05:25:29');
INSERT INTO `services` VALUES (410, 69, '2022-05-10', '2000-12-14 21:01:20', '2019-04-10 06:44:18');
INSERT INTO `services` VALUES (411, 7, '2022-01-08', '2017-11-03 23:09:26', '2004-06-11 18:02:30');
INSERT INTO `services` VALUES (412, 78, '2019-01-15', '2002-11-15 06:47:05', '2004-12-05 09:32:38');
INSERT INTO `services` VALUES (413, 63, '2023-02-25', '2003-11-26 10:45:27', '2022-11-28 03:22:36');
INSERT INTO `services` VALUES (414, 36, '2019-11-25', '2021-08-21 20:51:52', '2020-08-23 02:14:28');
INSERT INTO `services` VALUES (415, 44, '2023-03-14', '2010-06-05 07:59:08', '2012-03-20 13:13:06');
INSERT INTO `services` VALUES (416, 91, '2021-02-04', '2022-03-11 10:21:13', '2005-05-17 22:07:24');
INSERT INTO `services` VALUES (417, 48, '2021-06-12', '2018-10-19 14:45:17', '2015-02-25 11:42:59');
INSERT INTO `services` VALUES (418, 14, '2019-06-09', '2007-03-19 03:19:25', '2021-04-05 01:14:50');
INSERT INTO `services` VALUES (419, 56, '2022-05-26', '2007-02-27 12:39:15', '2016-05-06 02:04:03');
INSERT INTO `services` VALUES (420, 7, '2021-10-29', '2016-11-15 05:42:53', '2005-02-24 16:18:43');
INSERT INTO `services` VALUES (421, 2, '2018-04-23', '2006-06-28 13:11:09', '2019-08-29 15:16:35');
INSERT INTO `services` VALUES (422, 1, '2022-03-12', '2014-05-08 07:59:38', '2009-06-24 18:54:44');
INSERT INTO `services` VALUES (423, 73, '2020-02-06', '2012-01-30 04:43:42', '2019-07-17 09:36:32');
INSERT INTO `services` VALUES (424, 68, '2018-04-07', '2016-06-26 12:12:12', '2021-05-12 09:30:28');
INSERT INTO `services` VALUES (425, 20, '2023-01-20', '2007-05-16 05:48:44', '2010-09-17 07:18:33');
INSERT INTO `services` VALUES (426, 2, '2022-08-25', '2017-11-26 13:20:37', '2013-07-17 17:40:27');
INSERT INTO `services` VALUES (427, 94, '2019-02-26', '2013-02-22 06:00:18', '2022-04-29 15:39:33');
INSERT INTO `services` VALUES (428, 72, '2020-03-26', '2006-09-18 19:30:48', '2011-01-24 16:12:55');
INSERT INTO `services` VALUES (429, 34, '2018-09-30', '2009-10-02 02:40:41', '2009-09-16 16:57:06');
INSERT INTO `services` VALUES (430, 4, '2020-08-05', '2000-12-14 05:16:53', '2018-08-03 10:47:38');
INSERT INTO `services` VALUES (431, 6, '2018-05-07', '2010-08-24 08:33:06', '2006-10-29 03:59:58');
INSERT INTO `services` VALUES (432, 70, '2020-10-03', '2021-11-15 05:46:44', '2014-07-25 02:00:42');
INSERT INTO `services` VALUES (433, 22, '2021-12-20', '2017-08-05 15:42:07', '2006-06-22 06:04:16');
INSERT INTO `services` VALUES (434, 26, '2019-09-06', '2000-10-30 14:33:43', '2006-12-26 15:54:48');
INSERT INTO `services` VALUES (435, 26, '2019-06-01', '2003-04-04 00:39:37', '2022-02-13 22:54:39');
INSERT INTO `services` VALUES (436, 64, '2019-11-28', '2005-04-13 06:03:48', '2018-06-23 00:28:44');
INSERT INTO `services` VALUES (437, 64, '2021-11-08', '2009-03-05 06:38:30', '2013-02-03 09:12:31');
INSERT INTO `services` VALUES (438, 84, '2020-05-31', '2021-08-21 22:58:29', '2012-11-05 23:45:09');
INSERT INTO `services` VALUES (439, 84, '2022-07-29', '2002-07-16 02:28:17', '2019-08-05 06:37:42');
INSERT INTO `services` VALUES (440, 89, '2019-05-21', '2013-08-02 21:03:05', '2018-05-23 08:48:32');
INSERT INTO `services` VALUES (441, 45, '2022-12-19', '2002-09-02 23:51:46', '2013-10-27 15:39:02');
INSERT INTO `services` VALUES (442, 6, '2021-09-23', '2022-10-23 07:48:44', '2010-09-20 15:50:51');
INSERT INTO `services` VALUES (443, 13, '2020-05-21', '2022-12-02 03:39:14', '2015-03-10 02:47:39');
INSERT INTO `services` VALUES (444, 20, '2020-05-18', '2014-08-09 01:58:59', '2014-07-10 16:56:11');
INSERT INTO `services` VALUES (445, 34, '2022-02-10', '2013-03-10 07:24:06', '2006-04-26 16:25:55');
INSERT INTO `services` VALUES (446, 3, '2018-07-21', '2008-02-29 21:27:41', '2006-10-19 00:29:31');
INSERT INTO `services` VALUES (447, 2, '2019-04-21', '2002-11-20 01:33:12', '2003-06-02 22:15:15');
INSERT INTO `services` VALUES (448, 81, '2021-10-06', '2005-08-29 04:10:19', '2004-01-30 17:40:24');
INSERT INTO `services` VALUES (449, 57, '2019-11-05', '2013-07-11 05:52:29', '2000-05-11 13:25:44');
INSERT INTO `services` VALUES (450, 72, '2019-05-27', '2016-04-03 08:53:25', '2013-06-09 15:40:22');
INSERT INTO `services` VALUES (451, 38, '2021-01-13', '2015-01-04 06:12:16', '2008-06-19 22:36:20');
INSERT INTO `services` VALUES (452, 74, '2020-10-22', '2007-01-05 17:58:14', '2000-05-29 18:53:33');
INSERT INTO `services` VALUES (453, 44, '2022-06-07', '2006-01-12 12:21:55', '2004-09-01 09:05:54');
INSERT INTO `services` VALUES (454, 70, '2019-12-02', '2007-03-07 21:13:42', '2009-02-18 09:16:21');
INSERT INTO `services` VALUES (455, 96, '2021-08-07', '2001-09-05 06:21:36', '2010-09-02 09:12:42');
INSERT INTO `services` VALUES (456, 22, '2021-04-08', '2007-11-13 00:17:03', '2016-06-17 23:47:57');
INSERT INTO `services` VALUES (457, 66, '2022-06-02', '2022-10-16 07:12:40', '2007-09-27 19:48:58');
INSERT INTO `services` VALUES (458, 52, '2018-08-22', '2001-02-16 02:56:58', '2002-02-16 21:40:06');
INSERT INTO `services` VALUES (459, 69, '2018-11-24', '2002-09-03 12:45:18', '2010-06-18 18:40:33');
INSERT INTO `services` VALUES (460, 11, '2018-11-25', '2020-08-28 12:28:47', '2003-04-18 13:39:20');
INSERT INTO `services` VALUES (461, 23, '2022-08-25', '2014-05-13 04:08:34', '2012-12-28 21:43:28');
INSERT INTO `services` VALUES (462, 10, '2021-11-19', '2011-03-26 05:16:01', '2016-05-16 05:07:34');
INSERT INTO `services` VALUES (463, 16, '2021-11-25', '2020-07-05 16:33:18', '2005-05-05 00:11:51');
INSERT INTO `services` VALUES (464, 45, '2021-03-07', '2022-01-19 22:02:39', '2019-10-26 09:29:51');
INSERT INTO `services` VALUES (465, 89, '2021-04-12', '2018-02-25 13:26:14', '2021-05-14 09:45:34');
INSERT INTO `services` VALUES (466, 14, '2019-01-11', '2021-03-01 18:16:41', '2018-05-02 12:06:14');
INSERT INTO `services` VALUES (467, 49, '2021-07-04', '2009-08-24 10:27:56', '2016-09-15 06:15:29');
INSERT INTO `services` VALUES (468, 65, '2021-10-29', '2002-05-06 22:52:43', '2013-10-13 11:08:21');
INSERT INTO `services` VALUES (469, 22, '2019-10-07', '2006-09-07 21:34:57', '2011-12-17 10:10:45');
INSERT INTO `services` VALUES (470, 4, '2018-03-11', '2014-02-21 09:17:55', '2009-09-02 12:29:50');
INSERT INTO `services` VALUES (471, 27, '2018-11-20', '2016-01-18 11:31:01', '2013-10-30 13:23:57');
INSERT INTO `services` VALUES (472, 84, '2022-11-21', '2017-08-07 04:18:38', '2003-06-25 19:38:33');
INSERT INTO `services` VALUES (473, 18, '2020-03-10', '2022-06-14 19:24:22', '2009-10-15 23:06:50');
INSERT INTO `services` VALUES (474, 72, '2022-10-03', '2018-10-05 10:21:47', '2004-04-12 20:50:54');
INSERT INTO `services` VALUES (475, 42, '2018-03-30', '2016-08-14 03:07:30', '2011-09-04 00:20:09');
INSERT INTO `services` VALUES (476, 77, '2021-11-12', '2000-08-19 12:55:10', '2018-08-20 15:45:25');
INSERT INTO `services` VALUES (477, 39, '2022-04-01', '2007-04-03 17:03:27', '2015-05-24 18:23:14');
INSERT INTO `services` VALUES (478, 6, '2021-11-28', '2018-08-04 01:38:10', '2002-02-05 08:09:08');
INSERT INTO `services` VALUES (479, 82, '2021-11-08', '2016-02-03 04:13:31', '2018-02-07 07:41:55');
INSERT INTO `services` VALUES (480, 91, '2021-08-22', '2015-07-17 06:17:12', '2008-11-18 04:47:34');
INSERT INTO `services` VALUES (481, 64, '2021-05-09', '2011-08-13 00:49:23', '2000-11-27 17:44:32');
INSERT INTO `services` VALUES (482, 24, '2019-02-10', '2015-08-31 22:44:59', '2009-12-21 15:30:36');
INSERT INTO `services` VALUES (483, 99, '2018-11-08', '2017-05-25 09:17:16', '2015-10-05 18:22:55');
INSERT INTO `services` VALUES (484, 8, '2022-06-07', '2016-04-13 02:56:15', '2012-08-27 12:34:47');
INSERT INTO `services` VALUES (485, 72, '2022-11-10', '2022-04-04 15:15:54', '2014-03-15 17:03:20');
INSERT INTO `services` VALUES (486, 81, '2018-06-24', '2004-01-18 18:58:48', '2003-12-10 19:40:32');
INSERT INTO `services` VALUES (487, 54, '2019-03-10', '2007-02-05 05:53:18', '2003-04-06 10:11:44');
INSERT INTO `services` VALUES (488, 22, '2018-03-12', '2002-11-23 04:14:00', '2011-06-29 03:54:21');
INSERT INTO `services` VALUES (489, 87, '2020-07-02', '2014-04-02 06:21:23', '2011-02-09 07:06:15');
INSERT INTO `services` VALUES (490, 90, '2019-03-18', '2007-08-14 20:25:24', '2016-11-06 07:03:44');
INSERT INTO `services` VALUES (491, 46, '2018-08-02', '2017-07-31 01:42:08', '2019-07-21 23:00:42');
INSERT INTO `services` VALUES (492, 86, '2019-11-22', '2007-06-11 03:59:35', '2007-05-23 05:45:24');
INSERT INTO `services` VALUES (493, 29, '2020-02-16', '2004-07-27 14:26:37', '2014-07-18 08:23:10');
INSERT INTO `services` VALUES (494, 44, '2019-06-27', '2006-05-20 14:44:09', '2022-11-25 11:31:51');
INSERT INTO `services` VALUES (495, 43, '2018-04-25', '2022-02-08 16:52:51', '2019-10-02 11:49:18');
INSERT INTO `services` VALUES (496, 81, '2019-07-09', '2009-05-24 17:36:11', '2017-03-15 17:03:29');
INSERT INTO `services` VALUES (497, 25, '2019-04-05', '2006-08-18 13:22:41', '2017-05-13 06:57:53');
INSERT INTO `services` VALUES (498, 5, '2022-10-11', '2003-01-02 21:23:44', '2001-01-07 10:15:55');
INSERT INTO `services` VALUES (499, 24, '2022-05-25', '2015-09-07 01:53:04', '2008-06-23 20:25:56');
INSERT INTO `services` VALUES (500, 3, '2018-12-01', '2012-05-31 23:47:25', '2012-09-21 03:09:22');
INSERT INTO `services` VALUES (501, 87, '2019-04-09', '2019-01-05 03:04:41', '2014-12-06 01:22:06');
INSERT INTO `services` VALUES (502, 33, '2020-06-24', '2010-10-29 02:13:43', '2013-03-13 06:02:08');
INSERT INTO `services` VALUES (503, 62, '2021-05-22', '2021-08-28 06:43:39', '2005-11-28 21:49:59');
INSERT INTO `services` VALUES (504, 14, '2019-07-07', '2014-08-13 08:09:32', '2009-08-20 22:02:00');
INSERT INTO `services` VALUES (505, 76, '2020-07-15', '2016-02-12 04:11:25', '2019-05-11 14:47:55');
INSERT INTO `services` VALUES (506, 74, '2019-09-06', '2005-11-17 02:56:23', '2000-12-16 09:10:40');
INSERT INTO `services` VALUES (507, 70, '2022-10-24', '2019-09-25 14:52:48', '2001-11-09 21:28:55');
INSERT INTO `services` VALUES (508, 75, '2022-09-02', '2002-08-22 01:50:37', '2014-05-21 07:22:33');
INSERT INTO `services` VALUES (509, 91, '2021-12-05', '2015-01-17 22:36:31', '2000-05-24 17:11:27');
INSERT INTO `services` VALUES (510, 83, '2023-01-26', '2013-07-12 18:10:17', '2005-10-27 04:20:18');
INSERT INTO `services` VALUES (511, 82, '2018-09-09', '2004-09-01 14:43:24', '2011-04-03 20:52:24');
INSERT INTO `services` VALUES (512, 15, '2018-08-27', '2021-07-19 07:03:26', '2013-12-10 16:23:25');
INSERT INTO `services` VALUES (513, 1, '2019-01-27', '2013-05-08 19:37:57', '2022-07-01 04:01:34');
INSERT INTO `services` VALUES (514, 78, '2019-05-27', '2011-01-15 07:29:51', '2018-12-01 19:50:49');
INSERT INTO `services` VALUES (515, 18, '2018-08-11', '2006-08-06 02:42:53', '2005-01-28 08:46:32');
INSERT INTO `services` VALUES (516, 50, '2020-08-06', '2013-04-13 07:20:05', '2021-07-09 05:35:07');
INSERT INTO `services` VALUES (517, 38, '2018-05-02', '2015-06-17 14:57:50', '2009-06-25 15:58:13');
INSERT INTO `services` VALUES (518, 68, '2021-06-04', '2002-06-01 03:35:34', '2002-11-11 05:56:44');
INSERT INTO `services` VALUES (519, 62, '2020-11-07', '2016-07-10 17:33:13', '2021-09-12 10:11:55');
INSERT INTO `services` VALUES (520, 15, '2021-09-04', '2011-12-27 21:06:30', '2005-04-09 16:36:51');
INSERT INTO `services` VALUES (521, 24, '2019-02-01', '2014-11-19 16:16:49', '2022-04-12 15:30:28');
INSERT INTO `services` VALUES (522, 64, '2018-10-10', '2006-08-24 15:48:41', '2004-03-25 08:40:10');
INSERT INTO `services` VALUES (523, 14, '2022-01-04', '2019-08-01 09:00:08', '2000-02-24 01:57:04');
INSERT INTO `services` VALUES (524, 55, '2022-05-07', '2013-03-08 04:34:51', '2016-12-25 20:55:38');
INSERT INTO `services` VALUES (525, 72, '2019-07-24', '2006-06-25 18:20:22', '2005-10-21 18:58:04');
INSERT INTO `services` VALUES (526, 50, '2022-05-31', '2006-06-02 00:28:29', '2006-08-14 00:26:16');
INSERT INTO `services` VALUES (527, 34, '2018-05-31', '2001-03-29 05:34:27', '2012-04-05 20:27:24');
INSERT INTO `services` VALUES (528, 34, '2022-04-03', '2008-02-04 01:06:12', '2009-11-16 04:03:15');
INSERT INTO `services` VALUES (529, 54, '2018-11-24', '2013-03-26 08:52:32', '2007-11-10 10:35:51');
INSERT INTO `services` VALUES (530, 29, '2018-02-18', '2021-12-21 07:49:37', '2013-03-18 03:12:58');
INSERT INTO `services` VALUES (531, 66, '2021-04-22', '2000-09-27 02:18:07', '2004-01-11 20:20:39');
INSERT INTO `services` VALUES (532, 23, '2020-07-05', '2020-10-20 21:46:55', '2001-01-17 21:51:53');
INSERT INTO `services` VALUES (533, 88, '2019-07-15', '2019-05-23 12:08:03', '2018-03-01 06:46:22');
INSERT INTO `services` VALUES (534, 29, '2020-03-19', '2013-06-13 01:45:32', '2019-07-15 21:19:42');
INSERT INTO `services` VALUES (535, 74, '2019-03-28', '2012-01-23 13:06:05', '2013-04-06 14:52:52');
INSERT INTO `services` VALUES (536, 61, '2021-06-17', '2007-01-16 12:45:52', '2013-07-31 05:07:33');
INSERT INTO `services` VALUES (537, 41, '2018-01-20', '2020-08-30 22:05:56', '2013-01-18 23:01:21');
INSERT INTO `services` VALUES (538, 91, '2018-09-12', '2019-02-06 14:57:10', '2004-01-07 23:17:40');
INSERT INTO `services` VALUES (539, 78, '2019-12-23', '2004-07-30 06:13:31', '2014-12-08 23:21:21');
INSERT INTO `services` VALUES (540, 14, '2022-05-23', '2021-04-05 14:52:27', '2014-06-17 08:10:55');
INSERT INTO `services` VALUES (541, 46, '2022-11-19', '2006-07-15 09:41:13', '2005-10-28 05:50:11');
INSERT INTO `services` VALUES (542, 53, '2022-11-03', '2021-01-14 03:45:15', '2014-07-13 13:30:43');
INSERT INTO `services` VALUES (543, 32, '2022-03-04', '2022-05-05 14:47:48', '2001-07-25 16:00:45');
INSERT INTO `services` VALUES (544, 19, '2018-01-18', '2022-09-28 20:12:26', '2022-08-17 04:31:32');
INSERT INTO `services` VALUES (545, 20, '2020-01-29', '2021-06-20 18:30:35', '2007-07-18 12:30:46');
INSERT INTO `services` VALUES (546, 86, '2018-12-29', '2011-03-13 00:39:49', '2007-12-08 02:45:16');
INSERT INTO `services` VALUES (547, 32, '2019-08-10', '2018-12-13 16:48:04', '2004-12-01 17:40:19');
INSERT INTO `services` VALUES (548, 92, '2021-04-30', '2008-09-01 22:37:21', '2014-06-08 12:07:03');
INSERT INTO `services` VALUES (549, 63, '2018-08-21', '2018-02-15 10:11:25', '2008-10-02 02:57:58');
INSERT INTO `services` VALUES (550, 32, '2020-04-06', '2009-03-28 07:32:48', '2011-10-08 18:54:00');
INSERT INTO `services` VALUES (551, 40, '2022-02-19', '2003-04-15 05:08:09', '2021-12-21 01:09:47');
INSERT INTO `services` VALUES (552, 58, '2018-04-11', '2017-11-04 23:50:59', '2005-12-28 08:54:25');
INSERT INTO `services` VALUES (553, 60, '2018-05-27', '2008-11-29 03:55:31', '2002-06-02 03:57:25');
INSERT INTO `services` VALUES (554, 68, '2019-01-25', '2009-11-03 09:45:55', '2011-06-10 15:31:34');
INSERT INTO `services` VALUES (555, 80, '2018-05-30', '2021-01-14 04:33:27', '2012-04-12 12:54:50');
INSERT INTO `services` VALUES (556, 78, '2018-06-26', '2004-09-05 10:04:40', '2005-06-05 09:05:26');
INSERT INTO `services` VALUES (557, 79, '2020-04-18', '2021-07-24 06:07:26', '2004-08-04 08:13:17');
INSERT INTO `services` VALUES (558, 34, '2021-03-22', '2002-10-20 08:42:23', '2013-01-21 14:27:03');
INSERT INTO `services` VALUES (559, 38, '2022-10-15', '2008-09-14 09:09:06', '2001-01-16 17:47:16');
INSERT INTO `services` VALUES (560, 18, '2018-06-21', '2000-04-03 20:10:29', '2006-05-27 16:40:41');
INSERT INTO `services` VALUES (561, 50, '2021-05-23', '2022-06-15 22:01:18', '2008-07-08 18:29:42');
INSERT INTO `services` VALUES (562, 39, '2021-08-20', '2016-04-05 22:37:55', '2013-10-19 17:10:50');
INSERT INTO `services` VALUES (563, 24, '2022-01-06', '2007-09-06 01:08:09', '2015-03-21 19:39:45');
INSERT INTO `services` VALUES (564, 6, '2021-06-17', '2016-01-10 06:38:31', '2006-05-29 09:14:45');
INSERT INTO `services` VALUES (565, 100, '2023-01-19', '2001-01-09 15:34:31', '2014-03-05 04:41:11');
INSERT INTO `services` VALUES (566, 33, '2021-06-09', '2004-10-17 07:18:35', '2019-06-05 06:34:48');
INSERT INTO `services` VALUES (567, 6, '2021-03-21', '2001-06-15 02:55:44', '2005-06-15 17:14:41');
INSERT INTO `services` VALUES (568, 25, '2020-07-08', '2012-10-03 04:42:33', '2005-03-09 11:30:43');
INSERT INTO `services` VALUES (569, 12, '2021-12-21', '2011-07-31 01:37:54', '2004-04-03 04:26:01');
INSERT INTO `services` VALUES (570, 46, '2020-01-18', '2021-11-13 22:52:09', '2017-09-02 19:48:57');
INSERT INTO `services` VALUES (571, 20, '2018-05-20', '2005-10-08 12:59:59', '2012-06-30 09:34:23');
INSERT INTO `services` VALUES (572, 42, '2019-09-25', '2003-06-12 06:41:04', '2004-08-21 09:47:35');
INSERT INTO `services` VALUES (573, 57, '2021-09-24', '2008-07-15 21:13:29', '2020-06-04 14:13:48');
INSERT INTO `services` VALUES (574, 24, '2020-02-01', '2004-09-13 01:04:30', '2018-05-05 06:22:09');
INSERT INTO `services` VALUES (575, 77, '2021-05-03', '2013-08-02 15:55:33', '2023-01-02 03:58:02');
INSERT INTO `services` VALUES (576, 2, '2018-10-03', '2010-05-16 06:22:05', '2009-05-25 09:08:17');
INSERT INTO `services` VALUES (577, 86, '2019-05-23', '2002-08-15 20:31:51', '2018-12-23 18:30:36');
INSERT INTO `services` VALUES (578, 74, '2022-10-26', '2015-07-12 22:09:56', '2019-09-16 14:57:06');
INSERT INTO `services` VALUES (579, 7, '2019-06-05', '2015-05-08 06:56:40', '2020-03-18 14:44:55');
INSERT INTO `services` VALUES (580, 5, '2020-07-18', '2019-05-12 17:57:49', '2019-08-13 06:39:41');
INSERT INTO `services` VALUES (581, 96, '2020-12-23', '2019-12-24 01:25:38', '2010-12-22 05:00:52');
INSERT INTO `services` VALUES (582, 75, '2018-03-05', '2020-05-20 06:14:52', '2007-10-19 21:00:37');
INSERT INTO `services` VALUES (583, 90, '2019-11-27', '2007-03-02 00:06:38', '2009-01-29 22:48:59');
INSERT INTO `services` VALUES (584, 89, '2022-04-16', '2016-09-21 10:22:59', '2012-12-13 15:29:07');
INSERT INTO `services` VALUES (585, 21, '2022-04-28', '2018-07-20 18:48:21', '2022-05-29 14:11:03');
INSERT INTO `services` VALUES (586, 98, '2018-12-31', '2016-12-04 07:03:49', '2017-08-10 21:30:40');
INSERT INTO `services` VALUES (587, 20, '2020-03-06', '2022-07-13 10:58:06', '2004-12-01 20:20:10');
INSERT INTO `services` VALUES (588, 84, '2023-02-16', '2003-12-06 12:56:59', '2014-06-01 06:54:24');
INSERT INTO `services` VALUES (589, 11, '2022-08-16', '2011-05-20 11:57:47', '2012-04-09 22:43:08');
INSERT INTO `services` VALUES (590, 84, '2021-06-20', '2020-10-22 01:54:49', '2022-05-31 16:46:29');
INSERT INTO `services` VALUES (591, 98, '2020-05-15', '2012-08-11 23:28:01', '2017-08-11 08:03:51');
INSERT INTO `services` VALUES (592, 94, '2023-02-04', '2007-07-08 02:28:32', '2000-10-10 18:07:34');
INSERT INTO `services` VALUES (593, 4, '2021-10-09', '2006-07-28 12:24:15', '2001-12-18 04:53:43');
INSERT INTO `services` VALUES (594, 20, '2019-07-11', '2005-12-27 12:01:41', '2011-06-22 21:45:41');
INSERT INTO `services` VALUES (595, 66, '2018-02-20', '2021-09-10 01:13:38', '2000-09-06 05:42:09');
INSERT INTO `services` VALUES (596, 19, '2019-05-27', '2009-09-27 16:32:38', '2005-11-21 06:29:26');
INSERT INTO `services` VALUES (597, 78, '2021-09-07', '2001-09-30 10:46:32', '2007-10-24 11:58:19');
INSERT INTO `services` VALUES (598, 49, '2023-01-17', '2015-06-12 21:32:11', '2018-10-01 19:37:32');
INSERT INTO `services` VALUES (599, 89, '2023-03-02', '2001-04-04 23:46:45', '2004-05-07 04:35:32');
INSERT INTO `services` VALUES (600, 36, '2023-02-23', '2001-07-03 20:45:13', '2014-08-26 11:55:29');
INSERT INTO `services` VALUES (601, 1, '2019-08-15', '2003-06-30 11:32:46', '2007-03-26 03:58:57');
INSERT INTO `services` VALUES (602, 30, '2019-04-02', '2001-10-14 23:07:25', '2014-05-28 11:47:10');
INSERT INTO `services` VALUES (603, 96, '2021-05-25', '2010-02-24 10:25:27', '2003-08-05 16:31:37');
INSERT INTO `services` VALUES (604, 76, '2018-09-07', '2014-08-13 14:20:09', '2011-06-20 08:19:15');
INSERT INTO `services` VALUES (605, 1, '2020-07-07', '2010-10-03 22:18:12', '2003-04-06 14:42:11');
INSERT INTO `services` VALUES (606, 70, '2021-09-14', '2015-07-13 16:35:28', '2019-03-12 04:58:59');
INSERT INTO `services` VALUES (607, 85, '2021-09-24', '2012-12-03 20:20:37', '2011-06-05 06:16:59');
INSERT INTO `services` VALUES (608, 36, '2018-04-08', '2006-04-03 08:16:47', '2018-09-08 13:47:08');
INSERT INTO `services` VALUES (609, 79, '2018-06-29', '2015-05-29 09:58:22', '2006-10-28 04:50:10');
INSERT INTO `services` VALUES (610, 24, '2019-04-10', '2002-03-09 05:22:52', '2006-06-24 05:02:58');
INSERT INTO `services` VALUES (611, 83, '2022-04-11', '2014-09-29 00:00:03', '2007-03-24 22:43:04');
INSERT INTO `services` VALUES (612, 66, '2020-11-07', '2001-09-11 14:15:07', '2010-09-16 15:01:52');
INSERT INTO `services` VALUES (613, 65, '2022-05-24', '2011-06-01 06:59:23', '2016-08-09 09:50:01');
INSERT INTO `services` VALUES (614, 4, '2020-12-26', '2012-09-22 18:19:52', '2013-06-16 06:58:44');
INSERT INTO `services` VALUES (615, 85, '2021-03-30', '2014-01-31 12:32:27', '2016-09-14 05:42:40');
INSERT INTO `services` VALUES (616, 20, '2019-05-22', '2022-10-27 20:32:46', '2003-03-04 14:48:54');
INSERT INTO `services` VALUES (617, 34, '2020-11-20', '2022-12-23 17:45:54', '2000-10-21 04:38:55');
INSERT INTO `services` VALUES (618, 21, '2020-01-22', '2023-02-18 15:10:15', '2001-04-21 02:02:32');
INSERT INTO `services` VALUES (619, 65, '2018-02-23', '2000-05-30 20:33:07', '2022-07-15 03:16:27');
INSERT INTO `services` VALUES (620, 89, '2018-05-16', '2019-08-01 04:40:22', '2020-09-19 19:19:39');
INSERT INTO `services` VALUES (621, 40, '2020-08-17', '2015-02-05 20:58:28', '2022-07-11 08:29:27');
INSERT INTO `services` VALUES (622, 71, '2022-03-28', '2007-08-24 02:28:50', '2010-05-11 12:49:47');
INSERT INTO `services` VALUES (623, 84, '2021-04-04', '2022-09-12 11:13:18', '2002-03-16 11:01:40');
INSERT INTO `services` VALUES (624, 99, '2022-08-01', '2002-03-09 20:46:48', '2012-06-17 20:32:57');
INSERT INTO `services` VALUES (625, 94, '2021-08-29', '2004-04-22 01:53:22', '2015-02-04 02:28:01');
INSERT INTO `services` VALUES (626, 3, '2018-04-07', '2020-07-15 23:55:53', '2008-07-07 05:10:38');
INSERT INTO `services` VALUES (627, 20, '2020-12-11', '2021-11-27 16:16:55', '2021-08-31 21:44:50');
INSERT INTO `services` VALUES (628, 88, '2022-01-11', '2001-08-28 12:36:39', '2017-12-07 02:37:22');
INSERT INTO `services` VALUES (629, 57, '2020-05-23', '2001-05-11 19:32:57', '2011-08-08 04:45:22');
INSERT INTO `services` VALUES (630, 55, '2022-05-11', '2003-12-24 07:22:07', '2007-09-10 18:28:49');
INSERT INTO `services` VALUES (631, 53, '2018-03-25', '2005-04-26 12:40:45', '2022-07-30 22:14:24');
INSERT INTO `services` VALUES (632, 25, '2018-01-20', '2014-11-28 22:45:44', '2008-08-25 14:32:15');
INSERT INTO `services` VALUES (633, 11, '2020-07-08', '2007-04-11 22:02:40', '2004-03-02 15:17:31');
INSERT INTO `services` VALUES (634, 90, '2019-07-24', '2016-06-13 01:35:40', '2003-02-07 19:58:55');
INSERT INTO `services` VALUES (635, 25, '2023-02-17', '2015-02-03 06:31:10', '2000-10-02 13:21:32');
INSERT INTO `services` VALUES (636, 79, '2021-12-03', '2019-02-18 04:07:38', '2007-08-31 11:07:36');
INSERT INTO `services` VALUES (637, 5, '2021-02-19', '2011-12-27 04:36:22', '2016-05-17 23:28:06');
INSERT INTO `services` VALUES (638, 52, '2021-05-09', '2016-01-14 10:21:27', '2007-07-03 21:28:51');
INSERT INTO `services` VALUES (639, 5, '2022-07-30', '2019-08-20 04:26:29', '2005-08-26 11:10:01');
INSERT INTO `services` VALUES (640, 71, '2021-08-13', '2022-07-24 01:08:31', '2010-12-02 08:21:34');
INSERT INTO `services` VALUES (641, 55, '2022-11-10', '2001-09-14 07:25:39', '2006-01-07 00:46:06');
INSERT INTO `services` VALUES (642, 83, '2018-12-14', '2011-01-18 01:58:30', '2008-09-08 04:29:57');
INSERT INTO `services` VALUES (643, 8, '2018-09-09', '2007-04-07 09:27:15', '2020-09-24 10:05:36');
INSERT INTO `services` VALUES (644, 79, '2020-09-11', '2012-03-21 00:59:18', '2008-10-19 19:59:41');
INSERT INTO `services` VALUES (645, 98, '2022-05-02', '2006-10-26 07:33:11', '2015-11-26 23:58:24');
INSERT INTO `services` VALUES (646, 64, '2021-10-01', '2006-12-09 13:22:47', '2009-10-05 00:59:39');
INSERT INTO `services` VALUES (647, 13, '2022-05-26', '2023-03-22 19:01:19', '2001-07-26 06:32:19');
INSERT INTO `services` VALUES (648, 68, '2020-06-08', '2021-09-17 06:33:04', '2011-06-17 22:11:21');
INSERT INTO `services` VALUES (649, 90, '2022-01-30', '2000-08-18 15:19:11', '2006-05-01 21:32:46');
INSERT INTO `services` VALUES (650, 93, '2018-04-16', '2003-04-03 03:47:53', '2021-09-12 06:18:52');
INSERT INTO `services` VALUES (651, 33, '2018-06-03', '2014-03-21 15:19:09', '2017-11-24 04:07:54');
INSERT INTO `services` VALUES (652, 34, '2022-12-07', '2015-05-22 02:24:14', '2022-02-14 08:57:09');
INSERT INTO `services` VALUES (653, 91, '2021-10-28', '2013-08-01 13:10:27', '2021-04-13 19:10:44');
INSERT INTO `services` VALUES (654, 60, '2018-05-02', '2015-02-22 01:34:24', '2001-06-11 17:00:58');
INSERT INTO `services` VALUES (655, 8, '2019-04-15', '2014-01-25 13:45:11', '2000-09-07 01:45:36');
INSERT INTO `services` VALUES (656, 33, '2023-02-23', '2019-10-06 22:08:30', '2013-10-18 18:40:21');
INSERT INTO `services` VALUES (657, 19, '2019-09-18', '2006-10-10 12:24:01', '2002-11-11 15:57:06');
INSERT INTO `services` VALUES (658, 13, '2020-08-25', '2010-08-20 02:14:18', '2017-04-20 07:29:23');
INSERT INTO `services` VALUES (659, 6, '2021-11-04', '2014-12-12 10:21:57', '2021-12-11 11:08:15');
INSERT INTO `services` VALUES (660, 45, '2022-07-16', '2020-02-02 21:51:05', '2019-12-16 00:18:58');
INSERT INTO `services` VALUES (661, 71, '2018-12-25', '2013-03-22 23:29:57', '2001-04-06 00:36:06');
INSERT INTO `services` VALUES (662, 3, '2021-04-02', '2002-03-03 21:44:26', '2020-03-31 05:06:17');
INSERT INTO `services` VALUES (663, 5, '2020-09-02', '2016-07-22 00:44:11', '2010-10-17 11:59:46');
INSERT INTO `services` VALUES (664, 65, '2019-01-12', '2018-05-27 20:59:29', '2017-03-15 16:04:58');
INSERT INTO `services` VALUES (665, 92, '2022-08-26', '2017-04-26 09:32:11', '2010-06-24 22:40:19');
INSERT INTO `services` VALUES (666, 25, '2023-01-01', '2000-06-16 05:41:12', '2021-08-27 12:33:52');
INSERT INTO `services` VALUES (667, 93, '2019-01-10', '2016-01-02 20:09:23', '2001-02-15 09:21:45');
INSERT INTO `services` VALUES (668, 29, '2020-04-10', '2003-07-08 11:29:35', '2021-04-27 10:47:16');
INSERT INTO `services` VALUES (669, 13, '2019-03-17', '2005-09-06 20:42:46', '2004-07-18 03:24:41');
INSERT INTO `services` VALUES (670, 15, '2018-03-21', '2013-02-23 09:11:26', '2010-02-10 08:56:41');
INSERT INTO `services` VALUES (671, 35, '2020-08-11', '2020-11-08 08:33:42', '2023-01-25 01:17:38');
INSERT INTO `services` VALUES (672, 72, '2023-01-11', '2016-07-18 06:57:31', '2018-05-07 22:58:23');
INSERT INTO `services` VALUES (673, 31, '2018-01-19', '2019-12-09 05:04:59', '2004-03-19 11:47:11');
INSERT INTO `services` VALUES (674, 82, '2022-04-23', '2018-02-03 21:20:29', '2008-09-19 21:49:11');
INSERT INTO `services` VALUES (675, 31, '2018-03-21', '2005-03-20 03:20:09', '2004-11-12 18:22:49');
INSERT INTO `services` VALUES (676, 42, '2021-07-14', '2017-12-10 10:02:29', '2008-03-01 17:19:49');
INSERT INTO `services` VALUES (677, 44, '2020-09-19', '2001-06-13 09:04:49', '2013-11-19 00:34:00');
INSERT INTO `services` VALUES (678, 89, '2020-05-29', '2008-11-11 06:49:03', '2019-12-25 22:24:07');
INSERT INTO `services` VALUES (679, 47, '2019-09-02', '2010-04-30 15:41:01', '2000-02-21 19:53:56');
INSERT INTO `services` VALUES (680, 65, '2019-02-01', '2001-09-01 06:43:35', '2011-02-10 09:34:43');
INSERT INTO `services` VALUES (681, 62, '2022-06-16', '2019-08-06 01:54:12', '2003-09-09 11:28:03');
INSERT INTO `services` VALUES (682, 50, '2022-04-04', '2013-07-10 06:23:31', '2005-06-12 17:04:57');
INSERT INTO `services` VALUES (683, 77, '2022-07-19', '2000-01-03 20:51:34', '2015-01-02 05:04:58');
INSERT INTO `services` VALUES (684, 72, '2018-04-30', '2003-02-03 20:08:22', '2021-05-03 10:45:17');
INSERT INTO `services` VALUES (685, 78, '2022-12-11', '2002-11-26 12:01:03', '2004-05-29 15:08:43');
INSERT INTO `services` VALUES (686, 28, '2022-08-11', '2011-01-17 22:00:32', '2001-09-26 07:19:17');
INSERT INTO `services` VALUES (687, 69, '2021-01-13', '2004-12-30 08:59:53', '2018-10-11 23:07:51');
INSERT INTO `services` VALUES (688, 65, '2020-06-09', '2022-01-21 17:48:25', '2008-03-14 23:38:00');
INSERT INTO `services` VALUES (689, 4, '2022-08-18', '2006-09-26 14:48:22', '2015-08-02 09:34:48');
INSERT INTO `services` VALUES (690, 27, '2019-06-22', '2022-07-12 23:02:20', '2003-01-22 14:13:33');
INSERT INTO `services` VALUES (691, 52, '2022-02-07', '2014-12-15 06:47:14', '2021-01-18 07:59:45');
INSERT INTO `services` VALUES (692, 85, '2018-04-02', '2006-07-21 06:55:22', '2017-09-27 09:35:16');
INSERT INTO `services` VALUES (693, 97, '2020-05-07', '2018-12-16 17:22:14', '2007-03-04 07:53:38');
INSERT INTO `services` VALUES (694, 54, '2020-01-30', '2019-09-15 20:17:13', '2018-10-13 05:37:00');
INSERT INTO `services` VALUES (695, 31, '2018-06-19', '2007-10-02 11:15:04', '2014-04-12 10:28:37');
INSERT INTO `services` VALUES (696, 43, '2019-09-25', '2014-04-18 04:28:31', '2005-12-29 14:50:31');
INSERT INTO `services` VALUES (697, 50, '2022-09-03', '2013-03-05 06:13:32', '2016-04-15 04:21:13');
INSERT INTO `services` VALUES (698, 50, '2020-06-05', '2011-10-20 10:10:56', '2000-03-19 21:34:46');
INSERT INTO `services` VALUES (699, 10, '2018-02-03', '2003-05-23 03:01:43', '2016-11-03 11:09:52');
INSERT INTO `services` VALUES (700, 61, '2022-04-16', '2005-12-24 20:43:11', '2012-09-26 12:34:34');
INSERT INTO `services` VALUES (701, 28, '2018-02-19', '2015-06-22 05:02:28', '2013-12-23 22:56:32');
INSERT INTO `services` VALUES (702, 84, '2021-07-10', '2014-08-16 23:39:34', '2010-08-13 06:06:03');
INSERT INTO `services` VALUES (703, 63, '2020-04-11', '2005-05-24 16:02:56', '2019-04-07 23:50:19');
INSERT INTO `services` VALUES (704, 94, '2018-05-26', '2003-01-17 17:57:58', '2011-05-26 05:50:20');
INSERT INTO `services` VALUES (705, 72, '2022-07-16', '2003-02-03 06:08:30', '2008-03-30 10:29:25');
INSERT INTO `services` VALUES (706, 91, '2019-03-23', '2006-03-01 16:15:19', '2016-06-01 03:53:27');
INSERT INTO `services` VALUES (707, 58, '2019-03-04', '2011-11-29 19:44:31', '2000-12-03 17:55:18');
INSERT INTO `services` VALUES (708, 44, '2019-02-17', '2002-10-11 23:13:33', '2000-05-28 02:01:16');
INSERT INTO `services` VALUES (709, 97, '2022-01-22', '2002-10-19 22:18:37', '2005-01-12 18:46:04');
INSERT INTO `services` VALUES (710, 35, '2020-08-06', '2008-03-10 12:03:29', '2001-02-06 08:48:19');
INSERT INTO `services` VALUES (711, 29, '2018-04-17', '2005-05-28 04:27:20', '2011-11-03 02:17:07');
INSERT INTO `services` VALUES (712, 100, '2019-05-12', '2011-07-18 23:27:59', '2017-10-28 14:36:20');
INSERT INTO `services` VALUES (713, 79, '2021-05-18', '2021-01-21 10:07:32', '2016-05-03 09:13:25');
INSERT INTO `services` VALUES (714, 11, '2019-01-28', '2021-04-08 11:05:46', '2023-03-17 01:20:14');
INSERT INTO `services` VALUES (715, 73, '2022-12-23', '2003-11-20 07:23:39', '2019-01-19 23:52:56');
INSERT INTO `services` VALUES (716, 66, '2020-11-27', '2001-01-16 14:28:09', '2016-10-20 10:46:44');
INSERT INTO `services` VALUES (717, 43, '2018-11-26', '2018-11-18 01:28:12', '2004-05-11 23:29:43');
INSERT INTO `services` VALUES (718, 59, '2021-10-18', '2007-12-23 18:57:23', '2020-02-27 18:51:46');
INSERT INTO `services` VALUES (719, 50, '2023-03-01', '2020-04-19 05:04:36', '2017-03-01 19:23:11');
INSERT INTO `services` VALUES (720, 67, '2018-09-15', '2017-01-29 09:29:43', '2003-10-30 10:35:33');
INSERT INTO `services` VALUES (721, 61, '2019-09-17', '2016-07-24 21:34:00', '2007-11-04 23:55:33');
INSERT INTO `services` VALUES (722, 95, '2020-04-13', '2010-05-13 17:39:15', '2008-11-07 11:41:13');
INSERT INTO `services` VALUES (723, 46, '2020-04-28', '2018-12-06 18:15:21', '2010-08-07 02:22:52');
INSERT INTO `services` VALUES (724, 5, '2019-03-04', '2000-11-20 04:15:44', '2006-01-22 00:17:31');
INSERT INTO `services` VALUES (725, 20, '2022-02-28', '2006-10-29 06:29:22', '2014-04-14 16:41:27');
INSERT INTO `services` VALUES (726, 45, '2023-02-10', '2019-04-21 06:23:04', '2016-04-11 06:58:50');
INSERT INTO `services` VALUES (727, 84, '2020-10-28', '2001-03-13 14:33:50', '2000-02-03 12:55:55');
INSERT INTO `services` VALUES (728, 93, '2022-03-06', '2019-11-01 22:16:01', '2013-12-20 04:50:37');
INSERT INTO `services` VALUES (729, 20, '2020-08-09', '2005-04-26 19:17:25', '2017-03-11 19:04:13');
INSERT INTO `services` VALUES (730, 23, '2020-05-13', '2007-12-08 22:07:51', '2004-09-29 03:17:03');
INSERT INTO `services` VALUES (731, 56, '2018-03-31', '2013-07-04 10:26:09', '2003-05-27 18:20:36');
INSERT INTO `services` VALUES (732, 8, '2022-03-06', '2022-08-08 20:17:15', '2010-10-20 04:28:41');
INSERT INTO `services` VALUES (733, 83, '2018-03-05', '2003-12-06 09:05:03', '2009-02-24 19:19:21');
INSERT INTO `services` VALUES (734, 66, '2018-07-21', '2015-07-23 13:01:02', '2011-07-17 02:30:13');
INSERT INTO `services` VALUES (735, 31, '2018-11-02', '2016-01-31 21:02:46', '2021-07-23 17:45:07');
INSERT INTO `services` VALUES (736, 59, '2019-08-22', '2005-07-11 11:42:37', '2013-05-06 05:59:00');
INSERT INTO `services` VALUES (737, 38, '2019-08-17', '2006-08-24 10:34:40', '2012-05-29 12:37:30');
INSERT INTO `services` VALUES (738, 23, '2020-01-21', '2004-09-16 19:01:47', '2019-08-15 23:03:38');
INSERT INTO `services` VALUES (739, 56, '2021-08-25', '2005-12-25 19:29:14', '2019-01-20 15:12:07');
INSERT INTO `services` VALUES (740, 6, '2019-01-18', '2009-03-07 08:43:49', '2005-05-29 08:21:21');
INSERT INTO `services` VALUES (741, 83, '2019-08-24', '2016-12-24 14:56:25', '2022-07-29 15:32:23');
INSERT INTO `services` VALUES (742, 10, '2020-02-08', '2005-11-02 15:32:13', '2010-04-05 07:56:38');
INSERT INTO `services` VALUES (743, 74, '2020-11-19', '2009-10-14 15:42:09', '2018-08-27 03:03:46');
INSERT INTO `services` VALUES (744, 44, '2020-09-19', '2013-08-12 17:46:22', '2020-05-09 01:17:32');
INSERT INTO `services` VALUES (745, 67, '2022-04-08', '2001-01-02 06:58:04', '2002-12-18 12:47:43');
INSERT INTO `services` VALUES (746, 13, '2021-09-16', '2004-01-01 00:16:10', '2016-08-05 14:52:42');
INSERT INTO `services` VALUES (747, 30, '2022-10-03', '2004-02-22 04:30:41', '2021-05-26 00:42:44');
INSERT INTO `services` VALUES (748, 19, '2019-09-18', '2021-10-12 05:07:52', '2003-01-01 07:58:10');
INSERT INTO `services` VALUES (749, 17, '2019-10-25', '2016-05-11 03:30:44', '2002-08-29 03:43:56');
INSERT INTO `services` VALUES (750, 46, '2022-07-30', '2010-10-26 22:30:59', '2015-07-05 21:10:38');
INSERT INTO `services` VALUES (751, 39, '2019-04-21', '2004-11-24 05:17:05', '2005-09-08 01:13:31');
INSERT INTO `services` VALUES (752, 38, '2019-12-13', '2018-01-22 17:19:20', '2014-12-06 07:31:31');
INSERT INTO `services` VALUES (753, 23, '2020-12-18', '2001-09-11 06:46:45', '2015-09-28 23:37:36');
INSERT INTO `services` VALUES (754, 1, '2021-12-01', '2016-09-01 08:05:31', '2001-01-05 16:49:36');
INSERT INTO `services` VALUES (755, 83, '2018-06-25', '2017-11-28 23:11:17', '2011-08-15 10:24:54');
INSERT INTO `services` VALUES (756, 2, '2018-11-20', '2018-06-20 11:40:57', '2020-12-14 02:13:26');
INSERT INTO `services` VALUES (757, 70, '2020-07-24', '2009-06-11 18:24:30', '2002-12-01 20:16:14');
INSERT INTO `services` VALUES (758, 14, '2019-10-06', '2015-09-07 14:10:08', '2008-12-24 02:17:06');
INSERT INTO `services` VALUES (759, 11, '2020-10-23', '2002-02-27 23:47:46', '2007-05-17 09:18:53');
INSERT INTO `services` VALUES (760, 44, '2020-05-18', '2014-06-04 07:31:51', '2003-02-11 23:26:14');
INSERT INTO `services` VALUES (761, 55, '2023-02-18', '2018-07-23 00:35:47', '2015-10-21 05:06:48');
INSERT INTO `services` VALUES (762, 30, '2018-10-15', '2020-01-28 22:44:26', '2013-02-11 10:23:34');
INSERT INTO `services` VALUES (763, 98, '2019-02-28', '2010-03-25 15:37:57', '2016-08-26 22:38:19');
INSERT INTO `services` VALUES (764, 28, '2019-06-18', '2008-11-01 13:18:40', '2021-01-16 14:41:13');
INSERT INTO `services` VALUES (765, 58, '2021-11-26', '2018-08-16 12:52:30', '2023-03-13 09:09:15');
INSERT INTO `services` VALUES (766, 44, '2019-07-31', '2000-06-01 07:46:01', '2021-08-18 01:14:27');
INSERT INTO `services` VALUES (767, 29, '2019-10-23', '2006-06-13 02:10:02', '2012-01-27 13:09:40');
INSERT INTO `services` VALUES (768, 37, '2020-10-22', '2018-07-30 18:23:48', '2008-06-11 11:58:47');
INSERT INTO `services` VALUES (769, 72, '2018-09-08', '2008-04-26 13:57:41', '2014-12-16 02:34:23');
INSERT INTO `services` VALUES (770, 12, '2022-09-23', '2004-01-11 09:38:30', '2021-10-17 16:19:45');
INSERT INTO `services` VALUES (771, 6, '2021-11-24', '2003-07-02 03:30:52', '2003-12-27 18:50:59');
INSERT INTO `services` VALUES (772, 37, '2018-02-04', '2000-06-23 05:48:33', '2023-02-11 12:22:23');
INSERT INTO `services` VALUES (773, 35, '2019-04-14', '2000-01-05 14:34:43', '2018-07-19 05:41:28');
INSERT INTO `services` VALUES (774, 29, '2019-03-11', '2019-03-15 09:46:00', '2004-01-17 00:28:33');
INSERT INTO `services` VALUES (775, 44, '2020-04-25', '2009-12-03 20:18:01', '2015-10-31 01:13:14');
INSERT INTO `services` VALUES (776, 56, '2023-02-24', '2020-11-04 21:16:18', '2022-03-26 07:02:56');
INSERT INTO `services` VALUES (777, 86, '2018-12-19', '2015-07-09 18:32:38', '2006-05-20 06:29:29');
INSERT INTO `services` VALUES (778, 95, '2021-08-05', '2017-05-12 11:18:56', '2014-11-16 14:34:06');
INSERT INTO `services` VALUES (779, 82, '2019-10-10', '2003-03-28 13:40:15', '2014-08-10 15:27:09');
INSERT INTO `services` VALUES (780, 30, '2020-09-09', '2003-06-28 20:40:16', '2007-07-27 11:05:32');
INSERT INTO `services` VALUES (781, 49, '2022-01-08', '2006-05-25 12:54:21', '2009-11-25 22:55:08');
INSERT INTO `services` VALUES (782, 33, '2021-02-25', '2012-06-17 23:52:20', '2020-02-04 11:25:16');
INSERT INTO `services` VALUES (783, 15, '2018-06-25', '2003-06-12 23:55:00', '2009-11-19 11:22:05');
INSERT INTO `services` VALUES (784, 12, '2018-01-17', '2000-03-01 17:08:59', '2020-01-12 02:45:03');
INSERT INTO `services` VALUES (785, 22, '2019-05-18', '2000-08-08 16:51:14', '2014-04-03 20:47:27');
INSERT INTO `services` VALUES (786, 29, '2022-04-26', '2007-12-20 03:43:16', '2018-01-15 00:57:22');
INSERT INTO `services` VALUES (787, 67, '2019-12-25', '2020-06-13 02:52:52', '2006-11-21 09:48:56');
INSERT INTO `services` VALUES (788, 21, '2020-12-27', '2016-04-12 13:56:21', '2009-01-29 19:05:21');
INSERT INTO `services` VALUES (789, 95, '2019-08-12', '2001-02-10 12:23:03', '2017-02-22 14:43:48');
INSERT INTO `services` VALUES (790, 33, '2022-07-08', '2006-09-17 09:14:14', '2002-07-08 10:40:37');
INSERT INTO `services` VALUES (791, 49, '2021-06-20', '2008-11-06 19:37:28', '2008-10-19 13:41:38');
INSERT INTO `services` VALUES (792, 93, '2022-11-26', '2002-10-28 20:44:19', '2021-01-03 06:11:55');
INSERT INTO `services` VALUES (793, 48, '2020-07-27', '2011-03-08 05:29:27', '2001-04-26 16:59:22');
INSERT INTO `services` VALUES (794, 72, '2021-06-29', '2022-03-24 22:51:44', '2005-03-21 02:56:33');
INSERT INTO `services` VALUES (795, 60, '2023-02-23', '2016-08-31 22:08:47', '2013-11-30 06:06:55');
INSERT INTO `services` VALUES (796, 71, '2021-08-30', '2015-08-31 01:41:52', '2001-11-14 21:13:44');
INSERT INTO `services` VALUES (797, 11, '2021-11-26', '2010-03-21 01:09:06', '2006-09-15 01:21:24');
INSERT INTO `services` VALUES (798, 72, '2022-04-18', '2020-12-16 12:46:11', '2012-06-04 09:25:31');
INSERT INTO `services` VALUES (799, 56, '2020-05-11', '2002-08-21 06:31:39', '2020-04-04 15:54:38');
INSERT INTO `services` VALUES (800, 33, '2018-03-09', '2010-05-24 18:33:10', '2022-11-13 05:12:13');
INSERT INTO `services` VALUES (801, 92, '2021-05-04', '2021-07-10 23:16:35', '2019-08-06 15:48:40');
INSERT INTO `services` VALUES (802, 96, '2019-07-04', '2013-12-30 20:21:45', '2012-12-13 11:22:19');
INSERT INTO `services` VALUES (803, 42, '2021-09-01', '2018-02-08 02:07:07', '2013-01-08 22:25:03');
INSERT INTO `services` VALUES (804, 31, '2021-10-08', '2003-03-07 03:46:34', '2004-09-03 05:20:27');
INSERT INTO `services` VALUES (805, 62, '2022-03-28', '2016-03-31 02:54:01', '2016-04-10 14:07:19');
INSERT INTO `services` VALUES (806, 17, '2018-05-27', '2000-11-15 21:32:15', '2016-03-21 09:53:08');
INSERT INTO `services` VALUES (807, 76, '2022-07-28', '2018-05-28 05:37:31', '2001-02-14 22:03:57');
INSERT INTO `services` VALUES (808, 35, '2021-03-28', '2003-10-16 09:50:39', '2009-05-10 15:03:52');
INSERT INTO `services` VALUES (809, 2, '2022-03-14', '2001-11-10 20:50:15', '2001-12-15 19:00:24');
INSERT INTO `services` VALUES (810, 74, '2021-09-03', '2023-01-06 15:37:45', '2007-03-26 13:33:35');
INSERT INTO `services` VALUES (811, 55, '2022-05-17', '2014-11-14 00:18:59', '2005-05-24 09:46:59');
INSERT INTO `services` VALUES (812, 26, '2019-04-07', '2002-02-06 16:57:15', '2005-11-28 13:36:14');
INSERT INTO `services` VALUES (813, 38, '2020-12-09', '2018-05-20 19:33:03', '2014-08-26 21:11:13');
INSERT INTO `services` VALUES (814, 87, '2018-06-27', '2023-02-09 18:25:49', '2010-01-30 16:17:29');
INSERT INTO `services` VALUES (815, 37, '2022-05-20', '2006-08-01 18:18:30', '2010-07-07 04:44:20');
INSERT INTO `services` VALUES (816, 18, '2022-04-13', '2000-06-14 09:07:32', '2015-08-13 16:54:08');
INSERT INTO `services` VALUES (817, 57, '2018-01-23', '2002-10-10 02:33:38', '2019-10-30 06:00:05');
INSERT INTO `services` VALUES (818, 14, '2019-03-25', '2007-02-23 16:30:00', '2013-01-30 22:23:49');
INSERT INTO `services` VALUES (819, 81, '2018-12-19', '2018-05-20 11:59:15', '2011-08-26 12:28:54');
INSERT INTO `services` VALUES (820, 92, '2022-04-15', '2008-01-20 02:58:39', '2020-02-24 03:44:56');
INSERT INTO `services` VALUES (821, 89, '2021-07-22', '2022-05-04 20:41:56', '2004-10-13 20:16:08');
INSERT INTO `services` VALUES (822, 10, '2022-03-20', '2002-08-05 12:26:10', '2002-12-10 14:19:30');
INSERT INTO `services` VALUES (823, 67, '2020-06-15', '2016-05-02 02:26:33', '2012-12-19 02:08:41');
INSERT INTO `services` VALUES (824, 78, '2021-03-13', '2007-08-05 16:14:42', '2018-06-24 05:58:01');
INSERT INTO `services` VALUES (825, 53, '2018-07-07', '2018-10-05 13:53:08', '2007-07-25 04:06:15');
INSERT INTO `services` VALUES (826, 40, '2018-02-01', '2021-11-03 14:52:45', '2017-05-29 15:17:40');
INSERT INTO `services` VALUES (827, 96, '2021-09-13', '2010-10-20 14:54:20', '2019-11-05 03:33:46');
INSERT INTO `services` VALUES (828, 27, '2020-11-18', '2006-08-22 17:54:54', '2002-06-24 02:09:31');
INSERT INTO `services` VALUES (829, 51, '2019-08-08', '2000-04-21 07:03:38', '2014-05-08 12:52:48');
INSERT INTO `services` VALUES (830, 7, '2018-08-16', '2022-11-14 11:07:09', '2006-11-18 00:30:46');
INSERT INTO `services` VALUES (831, 54, '2022-03-10', '2001-12-29 17:52:23', '2020-04-13 00:55:21');
INSERT INTO `services` VALUES (832, 11, '2021-04-24', '2022-12-27 07:37:28', '2012-01-09 07:16:46');
INSERT INTO `services` VALUES (833, 52, '2023-03-22', '2006-04-26 08:27:28', '2006-04-04 05:17:33');
INSERT INTO `services` VALUES (834, 88, '2022-02-04', '2005-06-25 11:24:09', '2022-04-19 10:31:06');
INSERT INTO `services` VALUES (835, 20, '2022-07-23', '2020-06-17 11:18:50', '2016-01-07 19:33:09');
INSERT INTO `services` VALUES (836, 3, '2019-08-23', '2005-06-08 22:13:11', '2009-09-07 20:52:11');
INSERT INTO `services` VALUES (837, 26, '2022-04-20', '2003-08-14 06:59:33', '2018-03-07 23:37:00');
INSERT INTO `services` VALUES (838, 70, '2019-10-29', '2009-02-28 03:15:13', '2020-04-27 05:12:37');
INSERT INTO `services` VALUES (839, 92, '2023-01-12', '2001-03-29 15:34:15', '2007-11-29 01:37:59');
INSERT INTO `services` VALUES (840, 56, '2022-08-04', '2014-04-26 12:40:53', '2016-05-12 02:49:19');
INSERT INTO `services` VALUES (841, 87, '2023-01-07', '2008-10-08 18:17:07', '2002-11-05 12:29:41');
INSERT INTO `services` VALUES (842, 68, '2018-10-01', '2020-07-17 05:23:10', '2015-08-19 18:00:01');
INSERT INTO `services` VALUES (843, 62, '2021-02-02', '2015-09-11 01:16:21', '2001-08-18 05:28:57');
INSERT INTO `services` VALUES (844, 9, '2019-05-08', '2022-10-11 20:21:17', '2011-03-11 12:57:50');
INSERT INTO `services` VALUES (845, 31, '2018-09-02', '2008-06-02 03:03:48', '2022-04-25 07:55:19');
INSERT INTO `services` VALUES (846, 23, '2019-04-17', '2019-03-01 23:04:22', '2005-09-03 04:56:33');
INSERT INTO `services` VALUES (847, 43, '2020-09-09', '2006-04-20 12:29:46', '2018-10-12 16:35:51');
INSERT INTO `services` VALUES (848, 94, '2020-03-07', '2020-05-15 12:23:58', '2014-01-28 16:55:20');
INSERT INTO `services` VALUES (849, 90, '2022-08-30', '2000-07-15 00:58:18', '2011-12-18 12:38:01');
INSERT INTO `services` VALUES (850, 34, '2018-03-18', '2022-03-17 16:35:04', '2002-05-19 01:15:47');
INSERT INTO `services` VALUES (851, 13, '2018-02-08', '2016-10-29 08:01:33', '2013-11-13 11:11:30');
INSERT INTO `services` VALUES (852, 2, '2020-04-20', '2008-07-21 06:33:12', '2001-02-16 04:54:56');
INSERT INTO `services` VALUES (853, 42, '2018-08-13', '2013-03-25 03:17:47', '2012-02-21 15:44:51');
INSERT INTO `services` VALUES (854, 70, '2019-06-10', '2018-10-02 09:29:51', '2006-06-20 12:05:02');
INSERT INTO `services` VALUES (855, 27, '2021-08-11', '2015-01-08 09:42:59', '2017-07-18 11:55:38');
INSERT INTO `services` VALUES (856, 72, '2021-07-16', '2004-07-21 01:31:24', '2013-09-12 23:05:36');
INSERT INTO `services` VALUES (857, 40, '2022-11-04', '2000-09-24 23:48:40', '2020-11-27 19:04:03');
INSERT INTO `services` VALUES (858, 45, '2021-08-03', '2002-11-24 02:25:29', '2007-09-30 16:17:47');
INSERT INTO `services` VALUES (859, 17, '2021-07-30', '2004-07-20 15:21:18', '2000-03-18 21:02:37');
INSERT INTO `services` VALUES (860, 61, '2018-05-15', '2006-06-26 12:21:23', '2000-11-28 12:12:11');
INSERT INTO `services` VALUES (861, 77, '2019-09-27', '2007-06-29 14:34:01', '2011-07-25 02:23:57');
INSERT INTO `services` VALUES (862, 61, '2019-02-13', '2015-08-11 18:06:23', '2012-09-25 03:11:09');
INSERT INTO `services` VALUES (863, 40, '2021-09-06', '2004-09-06 19:40:10', '2018-08-08 15:27:53');
INSERT INTO `services` VALUES (864, 59, '2021-04-14', '2008-09-29 22:10:01', '2007-12-10 23:02:19');
INSERT INTO `services` VALUES (865, 15, '2021-12-23', '2005-10-10 18:33:52', '2005-08-13 06:45:07');
INSERT INTO `services` VALUES (866, 24, '2021-01-25', '2020-02-17 13:12:50', '2011-01-28 09:19:00');
INSERT INTO `services` VALUES (867, 82, '2018-06-16', '2008-12-28 11:36:03', '2020-07-14 03:07:06');
INSERT INTO `services` VALUES (868, 65, '2018-05-22', '2022-09-17 14:51:12', '2021-02-27 05:26:32');
INSERT INTO `services` VALUES (869, 82, '2022-03-31', '2001-01-24 06:09:22', '2000-02-12 05:29:25');
INSERT INTO `services` VALUES (870, 97, '2020-08-10', '2010-02-27 03:23:21', '2019-01-24 15:45:39');
INSERT INTO `services` VALUES (871, 7, '2020-05-06', '2003-07-05 01:56:58', '2017-02-24 03:41:47');
INSERT INTO `services` VALUES (872, 69, '2018-01-15', '2007-09-19 04:35:07', '2022-10-08 23:47:04');
INSERT INTO `services` VALUES (873, 38, '2020-11-22', '2022-09-23 04:36:29', '2009-06-13 16:17:43');
INSERT INTO `services` VALUES (874, 63, '2022-04-20', '2014-09-22 13:28:31', '2007-07-20 20:02:17');
INSERT INTO `services` VALUES (875, 40, '2021-07-30', '2017-03-30 22:32:29', '2003-12-19 06:37:38');
INSERT INTO `services` VALUES (876, 11, '2021-03-28', '2004-05-05 21:27:31', '2002-12-29 07:06:33');
INSERT INTO `services` VALUES (877, 26, '2019-09-22', '2012-06-27 04:46:56', '2016-07-27 07:54:12');
INSERT INTO `services` VALUES (878, 79, '2019-08-25', '2023-01-21 08:35:44', '2012-11-15 18:39:44');
INSERT INTO `services` VALUES (879, 63, '2020-08-09', '2011-01-07 05:36:39', '2004-03-19 05:34:35');
INSERT INTO `services` VALUES (880, 91, '2020-07-21', '2001-10-17 11:13:21', '2005-03-07 14:43:55');
INSERT INTO `services` VALUES (881, 5, '2019-05-11', '2003-08-23 10:51:37', '2013-12-24 03:34:32');
INSERT INTO `services` VALUES (882, 27, '2021-12-27', '2016-06-25 13:11:39', '2009-07-15 12:25:21');
INSERT INTO `services` VALUES (883, 73, '2019-04-28', '2020-12-05 14:57:26', '2014-09-30 10:02:38');
INSERT INTO `services` VALUES (884, 66, '2020-03-27', '2022-05-29 06:11:45', '2019-08-06 07:23:09');
INSERT INTO `services` VALUES (885, 24, '2022-05-08', '2009-01-05 12:02:45', '2020-01-07 07:59:03');
INSERT INTO `services` VALUES (886, 60, '2021-04-16', '2004-10-09 12:30:08', '2008-03-05 13:25:50');
INSERT INTO `services` VALUES (887, 45, '2019-03-29', '2021-02-23 04:24:43', '2003-01-20 03:42:15');
INSERT INTO `services` VALUES (888, 2, '2019-01-09', '2019-07-06 03:53:56', '2003-09-19 15:35:02');
INSERT INTO `services` VALUES (889, 63, '2023-02-05', '2009-01-04 02:53:17', '2022-10-27 08:20:02');
INSERT INTO `services` VALUES (890, 23, '2021-06-24', '2006-07-02 08:10:07', '2011-04-03 13:22:46');
INSERT INTO `services` VALUES (891, 37, '2020-01-09', '2021-09-24 04:10:05', '2012-12-26 11:24:35');
INSERT INTO `services` VALUES (892, 68, '2019-01-10', '2018-09-19 08:37:00', '2007-04-11 10:57:59');
INSERT INTO `services` VALUES (893, 31, '2019-02-13', '2008-02-05 02:42:50', '2002-11-22 23:09:27');
INSERT INTO `services` VALUES (894, 83, '2023-03-20', '2014-02-20 23:35:19', '2022-02-18 00:31:05');
INSERT INTO `services` VALUES (895, 81, '2019-08-24', '2014-04-21 15:29:31', '2004-07-18 14:31:26');
INSERT INTO `services` VALUES (896, 63, '2019-08-10', '2005-09-04 20:08:07', '2000-12-19 06:30:07');
INSERT INTO `services` VALUES (897, 81, '2019-08-01', '2020-12-23 04:55:06', '2006-07-29 20:21:53');
INSERT INTO `services` VALUES (898, 42, '2019-11-02', '2013-05-02 04:15:25', '2015-01-27 16:22:36');
INSERT INTO `services` VALUES (899, 35, '2021-04-22', '2001-02-01 21:16:44', '2018-03-29 14:49:36');
INSERT INTO `services` VALUES (900, 9, '2020-09-02', '2022-11-15 13:07:10', '2005-02-22 02:09:24');
INSERT INTO `services` VALUES (901, 50, '2023-02-04', '2001-05-27 08:07:19', '2016-04-11 04:36:01');
INSERT INTO `services` VALUES (902, 40, '2018-09-02', '2015-10-08 10:43:04', '2019-10-29 21:37:12');
INSERT INTO `services` VALUES (903, 14, '2018-02-23', '2004-09-17 23:38:24', '2002-09-15 17:37:26');
INSERT INTO `services` VALUES (904, 97, '2018-02-28', '2013-07-31 22:06:50', '2019-03-20 21:23:46');
INSERT INTO `services` VALUES (905, 37, '2018-02-04', '2003-03-21 20:40:52', '2006-07-29 02:05:43');
INSERT INTO `services` VALUES (906, 75, '2021-07-31', '2011-07-08 07:05:03', '2007-08-28 10:33:28');
INSERT INTO `services` VALUES (907, 20, '2018-02-13', '2009-12-24 15:31:50', '2017-11-26 14:14:14');
INSERT INTO `services` VALUES (908, 17, '2020-03-01', '2003-12-21 21:00:24', '2012-10-30 19:52:54');
INSERT INTO `services` VALUES (909, 72, '2022-08-13', '2001-08-27 08:55:15', '2002-09-05 15:45:56');
INSERT INTO `services` VALUES (910, 97, '2021-07-12', '2019-12-13 20:29:41', '2023-03-21 06:01:05');
INSERT INTO `services` VALUES (911, 59, '2023-02-17', '2016-03-04 12:42:30', '2020-09-08 19:48:22');
INSERT INTO `services` VALUES (912, 41, '2019-08-10', '2002-09-23 18:00:49', '2014-03-21 02:42:30');
INSERT INTO `services` VALUES (913, 34, '2021-03-03', '2001-07-13 02:34:00', '2019-07-27 00:37:35');
INSERT INTO `services` VALUES (914, 85, '2018-07-15', '2001-10-03 15:03:32', '2022-09-16 06:40:15');
INSERT INTO `services` VALUES (915, 47, '2022-03-30', '2008-05-20 08:45:13', '2007-09-07 13:09:56');
INSERT INTO `services` VALUES (916, 46, '2022-02-08', '2000-09-03 03:39:11', '2013-10-08 03:02:31');
INSERT INTO `services` VALUES (917, 30, '2018-02-27', '2002-09-27 16:12:51', '2008-06-25 11:34:52');
INSERT INTO `services` VALUES (918, 53, '2018-03-04', '2012-08-20 17:09:10', '2006-04-09 03:37:15');
INSERT INTO `services` VALUES (919, 76, '2019-11-12', '2000-05-30 00:02:39', '2007-01-25 22:09:33');
INSERT INTO `services` VALUES (920, 78, '2022-07-12', '2007-10-02 14:25:33', '2005-03-08 12:30:10');
INSERT INTO `services` VALUES (921, 31, '2022-12-05', '2022-09-11 14:37:42', '2013-04-28 03:57:29');
INSERT INTO `services` VALUES (922, 64, '2022-09-28', '2021-10-16 18:22:18', '2012-12-05 17:14:45');
INSERT INTO `services` VALUES (923, 7, '2022-01-20', '2012-04-04 11:01:13', '2004-07-06 18:51:46');
INSERT INTO `services` VALUES (924, 8, '2020-03-11', '2001-09-18 08:52:25', '2022-07-22 14:15:28');
INSERT INTO `services` VALUES (925, 66, '2022-08-31', '2008-01-08 12:19:24', '2006-03-08 03:37:45');
INSERT INTO `services` VALUES (926, 31, '2019-02-08', '2015-09-12 21:55:01', '2013-11-10 06:48:58');
INSERT INTO `services` VALUES (927, 11, '2019-03-19', '2003-10-01 17:33:02', '2006-05-11 16:39:30');
INSERT INTO `services` VALUES (928, 36, '2019-05-31', '2014-09-29 17:24:38', '2010-02-24 08:33:51');
INSERT INTO `services` VALUES (929, 32, '2022-07-17', '2000-10-09 06:16:13', '2011-01-12 18:57:45');
INSERT INTO `services` VALUES (930, 13, '2020-04-23', '2004-11-02 22:29:48', '2005-04-04 02:39:41');
INSERT INTO `services` VALUES (931, 59, '2018-07-05', '2009-10-11 01:36:16', '2009-12-07 19:48:35');
INSERT INTO `services` VALUES (932, 44, '2018-10-08', '2016-04-24 03:13:33', '2017-04-15 04:44:48');
INSERT INTO `services` VALUES (933, 50, '2019-11-29', '2015-03-26 01:40:16', '2020-05-08 04:31:19');
INSERT INTO `services` VALUES (934, 82, '2019-08-01', '2021-07-15 23:12:09', '2003-04-23 11:09:15');
INSERT INTO `services` VALUES (935, 59, '2018-03-20', '2010-03-08 13:35:06', '2006-10-01 04:09:04');
INSERT INTO `services` VALUES (936, 4, '2022-09-10', '2008-02-18 09:09:14', '2021-05-31 03:15:29');
INSERT INTO `services` VALUES (937, 89, '2022-02-20', '2013-11-13 18:10:23', '2013-12-01 05:22:42');
INSERT INTO `services` VALUES (938, 100, '2023-01-02', '2007-06-16 08:31:05', '2015-03-06 02:20:05');
INSERT INTO `services` VALUES (939, 86, '2019-05-13', '2018-02-19 17:02:42', '2019-03-27 04:36:30');
INSERT INTO `services` VALUES (940, 90, '2018-03-23', '2019-08-19 21:48:15', '2001-01-31 11:32:36');
INSERT INTO `services` VALUES (941, 77, '2019-11-12', '2023-01-30 22:25:54', '2017-12-26 23:45:54');
INSERT INTO `services` VALUES (942, 94, '2018-07-14', '2003-05-01 00:22:18', '2014-10-05 12:27:45');
INSERT INTO `services` VALUES (943, 91, '2020-09-02', '2020-06-03 09:48:16', '2019-09-08 20:53:13');
INSERT INTO `services` VALUES (944, 7, '2022-10-10', '2021-10-30 11:35:32', '2000-02-26 00:22:27');
INSERT INTO `services` VALUES (945, 41, '2021-06-15', '2016-06-10 05:32:54', '2005-05-18 17:31:34');
INSERT INTO `services` VALUES (946, 93, '2019-01-26', '2014-07-31 22:00:27', '2014-10-11 14:47:10');
INSERT INTO `services` VALUES (947, 57, '2021-12-18', '2011-01-03 06:59:28', '2004-02-20 12:52:19');
INSERT INTO `services` VALUES (948, 22, '2020-10-15', '2002-10-18 09:09:20', '2015-12-25 19:20:03');
INSERT INTO `services` VALUES (949, 11, '2021-12-16', '2021-11-24 12:34:29', '2022-04-22 12:29:15');
INSERT INTO `services` VALUES (950, 55, '2018-04-25', '2014-10-28 10:21:46', '2000-12-15 11:59:10');
INSERT INTO `services` VALUES (951, 21, '2019-02-16', '2010-06-04 01:28:44', '2008-03-26 10:34:35');
INSERT INTO `services` VALUES (952, 86, '2021-07-08', '2017-04-10 00:15:12', '2007-10-19 08:35:24');
INSERT INTO `services` VALUES (953, 10, '2021-02-06', '2018-04-23 00:53:14', '2006-05-28 05:37:30');
INSERT INTO `services` VALUES (954, 86, '2021-06-03', '2019-12-06 09:15:19', '2018-03-13 10:24:38');
INSERT INTO `services` VALUES (955, 81, '2020-05-02', '2017-05-09 04:28:26', '2008-07-25 04:50:08');
INSERT INTO `services` VALUES (956, 60, '2019-06-14', '2006-12-14 13:38:08', '2007-02-26 04:37:18');
INSERT INTO `services` VALUES (957, 56, '2020-12-09', '2012-08-25 08:19:19', '2020-06-27 05:43:04');
INSERT INTO `services` VALUES (958, 86, '2018-04-21', '2006-04-01 11:05:26', '2004-07-27 22:18:54');
INSERT INTO `services` VALUES (959, 84, '2022-09-29', '2022-07-16 04:45:35', '2006-01-06 22:26:10');
INSERT INTO `services` VALUES (960, 91, '2018-08-28', '2016-06-28 04:55:07', '2009-08-15 06:50:23');
INSERT INTO `services` VALUES (961, 37, '2018-05-14', '2000-02-04 15:53:06', '2016-11-30 13:29:54');
INSERT INTO `services` VALUES (962, 31, '2020-05-11', '2022-03-31 09:58:16', '2010-07-02 09:35:30');
INSERT INTO `services` VALUES (963, 71, '2019-03-04', '2018-09-05 20:39:10', '2005-08-21 17:10:32');
INSERT INTO `services` VALUES (964, 44, '2021-12-15', '2005-06-25 23:42:47', '2005-01-03 23:37:22');
INSERT INTO `services` VALUES (965, 16, '2022-12-08', '2007-02-09 18:46:43', '2012-08-08 10:07:01');
INSERT INTO `services` VALUES (966, 62, '2022-10-09', '2004-05-17 02:33:05', '2020-02-14 16:02:48');
INSERT INTO `services` VALUES (967, 80, '2023-02-16', '2007-06-24 03:02:01', '2015-07-23 11:29:19');
INSERT INTO `services` VALUES (968, 77, '2022-08-03', '2020-01-10 17:25:20', '2002-03-23 12:11:51');
INSERT INTO `services` VALUES (969, 89, '2019-07-27', '2007-07-07 00:53:12', '2019-05-14 02:21:10');
INSERT INTO `services` VALUES (970, 48, '2018-06-11', '2003-04-05 17:23:53', '2015-10-29 05:11:38');
INSERT INTO `services` VALUES (971, 1, '2021-02-14', '2019-12-15 02:06:58', '2008-11-20 19:33:46');
INSERT INTO `services` VALUES (972, 58, '2022-09-13', '2002-04-08 11:34:55', '2012-11-18 14:18:16');
INSERT INTO `services` VALUES (973, 53, '2019-10-09', '2014-07-18 06:10:17', '2010-09-11 15:40:39');
INSERT INTO `services` VALUES (974, 34, '2018-08-23', '2020-08-29 23:57:56', '2013-12-18 05:21:53');
INSERT INTO `services` VALUES (975, 64, '2018-03-23', '2006-08-23 15:05:12', '2013-02-09 18:11:48');
INSERT INTO `services` VALUES (976, 63, '2022-11-30', '2010-10-08 05:23:25', '2012-01-24 23:09:39');
INSERT INTO `services` VALUES (977, 16, '2022-11-27', '2004-07-26 07:39:35', '2013-11-20 02:07:44');
INSERT INTO `services` VALUES (978, 97, '2019-09-01', '2007-11-10 09:50:24', '2022-03-16 07:29:06');
INSERT INTO `services` VALUES (979, 69, '2018-10-23', '2020-07-16 08:03:17', '2022-06-14 23:54:17');
INSERT INTO `services` VALUES (980, 65, '2022-11-14', '2009-05-26 04:25:07', '2001-08-27 03:12:15');
INSERT INTO `services` VALUES (981, 7, '2019-05-05', '2021-01-27 00:19:50', '2010-10-03 10:03:00');
INSERT INTO `services` VALUES (982, 38, '2019-11-12', '2013-07-31 17:22:52', '2013-06-15 02:56:09');
INSERT INTO `services` VALUES (983, 35, '2022-11-24', '2010-11-23 01:00:51', '2011-07-25 18:07:19');
INSERT INTO `services` VALUES (984, 31, '2019-08-11', '2020-09-06 17:20:40', '2010-06-17 19:44:59');
INSERT INTO `services` VALUES (985, 49, '2020-01-25', '2010-07-19 19:07:12', '2008-12-07 10:48:18');
INSERT INTO `services` VALUES (986, 61, '2021-02-01', '2010-05-09 19:08:05', '2005-09-21 13:27:47');
INSERT INTO `services` VALUES (987, 20, '2019-12-25', '2018-06-02 06:52:01', '2012-04-11 23:42:48');
INSERT INTO `services` VALUES (988, 32, '2021-09-23', '2016-04-12 23:13:09', '2004-08-16 06:59:35');
INSERT INTO `services` VALUES (989, 97, '2018-10-01', '2018-03-18 00:53:15', '2022-11-19 02:19:15');
INSERT INTO `services` VALUES (990, 57, '2022-09-05', '2013-11-28 08:56:41', '2000-06-09 07:51:12');
INSERT INTO `services` VALUES (991, 24, '2019-05-26', '2017-10-17 06:07:57', '2008-03-05 03:52:09');
INSERT INTO `services` VALUES (992, 6, '2021-02-22', '2013-06-23 19:55:44', '2011-03-16 07:56:23');
INSERT INTO `services` VALUES (993, 18, '2023-03-09', '2011-08-01 01:29:37', '2013-01-20 19:39:44');
INSERT INTO `services` VALUES (994, 17, '2021-07-09', '2005-05-21 17:58:38', '2011-10-21 18:46:17');
INSERT INTO `services` VALUES (995, 64, '2022-05-12', '2007-11-01 22:00:33', '2001-03-14 03:54:42');
INSERT INTO `services` VALUES (996, 34, '2021-08-04', '2003-07-31 07:56:09', '2006-09-10 11:35:05');
INSERT INTO `services` VALUES (997, 70, '2021-04-24', '2013-05-26 01:46:44', '2014-05-29 09:53:28');
INSERT INTO `services` VALUES (998, 92, '2022-06-07', '2014-12-11 16:32:08', '2007-02-05 14:00:43');
INSERT INTO `services` VALUES (999, 77, '2021-11-08', '2019-09-21 22:11:18', '2020-10-22 02:15:44');
INSERT INTO `services` VALUES (1000, 98, '2020-09-08', '2021-03-07 22:16:20', '2017-07-05 12:49:22');
INSERT INTO `services` VALUES (1001, 88, '2022-05-09', '2020-08-15 11:10:01', '2013-06-27 07:31:56');
INSERT INTO `services` VALUES (1002, 35, '2021-06-06', '2002-01-23 17:34:42', '2006-10-16 23:54:08');
INSERT INTO `services` VALUES (1003, 97, '2022-07-18', '2015-01-15 23:38:28', '2020-11-14 14:22:47');
INSERT INTO `services` VALUES (1004, 62, '2022-04-14', '2008-07-22 05:05:02', '2020-08-17 11:03:12');
INSERT INTO `services` VALUES (1005, 30, '2023-01-14', '2009-04-12 15:50:07', '2000-11-06 00:20:55');
INSERT INTO `services` VALUES (1006, 59, '2021-07-17', '2015-06-15 16:55:30', '2007-03-27 12:14:36');
INSERT INTO `services` VALUES (1007, 1, '2020-06-25', '2004-02-08 06:21:31', '2011-04-18 10:13:50');
INSERT INTO `services` VALUES (1008, 12, '2022-06-05', '2015-06-18 16:09:40', '2012-07-06 00:50:22');
INSERT INTO `services` VALUES (1009, 91, '2020-10-18', '2019-06-04 09:03:07', '2010-08-17 05:31:28');
INSERT INTO `services` VALUES (1010, 99, '2019-11-23', '2016-04-01 10:31:00', '2010-10-23 14:39:20');
INSERT INTO `services` VALUES (1011, 68, '2022-12-13', '2015-02-09 20:22:08', '2003-03-30 16:18:42');
INSERT INTO `services` VALUES (1012, 89, '2019-03-16', '2018-03-25 09:51:27', '2014-07-02 17:33:27');
INSERT INTO `services` VALUES (1013, 1, '2021-12-18', '2006-12-02 09:16:47', '2012-02-25 19:53:47');
INSERT INTO `services` VALUES (1014, 73, '2020-03-16', '2007-12-30 02:47:24', '2023-01-09 13:23:14');
INSERT INTO `services` VALUES (1015, 35, '2020-10-11', '2010-08-07 08:20:30', '2012-11-15 17:35:40');
INSERT INTO `services` VALUES (1016, 6, '2019-09-18', '2002-09-13 00:48:26', '2019-04-28 15:46:47');
INSERT INTO `services` VALUES (1017, 4, '2019-04-06', '2022-04-15 02:57:20', '2000-06-16 09:02:36');
INSERT INTO `services` VALUES (1018, 85, '2018-12-03', '2013-07-11 12:32:52', '2019-10-05 13:42:54');
INSERT INTO `services` VALUES (1019, 25, '2019-12-19', '2014-05-22 08:19:25', '2018-08-13 01:22:41');
INSERT INTO `services` VALUES (1020, 28, '2019-03-07', '2019-10-11 02:28:42', '2005-10-27 20:32:40');
INSERT INTO `services` VALUES (1021, 13, '2019-07-11', '2008-03-10 17:17:19', '2007-01-06 03:47:27');
INSERT INTO `services` VALUES (1022, 24, '2020-01-20', '2016-02-14 16:27:52', '2008-02-11 00:35:19');
INSERT INTO `services` VALUES (1023, 5, '2020-09-16', '2020-10-16 11:48:22', '2019-04-04 17:11:38');
INSERT INTO `services` VALUES (1024, 100, '2018-10-26', '2008-06-28 13:16:51', '2009-02-06 01:21:39');
INSERT INTO `services` VALUES (1025, 85, '2018-09-21', '2018-03-11 09:40:01', '2017-01-21 12:01:09');
INSERT INTO `services` VALUES (1026, 79, '2021-12-10', '2007-08-29 22:43:30', '2009-02-11 21:06:48');
INSERT INTO `services` VALUES (1027, 62, '2021-09-24', '2016-05-14 18:51:30', '2012-02-03 14:10:45');
INSERT INTO `services` VALUES (1028, 93, '2022-01-08', '2019-03-14 00:05:19', '2014-06-08 18:00:56');
INSERT INTO `services` VALUES (1029, 19, '2018-05-30', '2012-03-07 19:35:22', '2015-06-27 00:20:56');
INSERT INTO `services` VALUES (1030, 85, '2022-02-27', '2022-12-13 18:14:36', '2000-02-01 11:18:23');
INSERT INTO `services` VALUES (1031, 37, '2020-12-08', '2018-05-25 19:44:38', '2017-01-31 08:01:27');
INSERT INTO `services` VALUES (1032, 96, '2021-03-11', '2006-07-22 07:30:27', '2013-07-18 11:03:34');
INSERT INTO `services` VALUES (1033, 55, '2018-02-03', '2017-12-30 05:55:29', '2022-04-21 07:02:16');
INSERT INTO `services` VALUES (1034, 59, '2021-08-01', '2009-10-11 10:39:34', '2022-04-19 14:32:27');
INSERT INTO `services` VALUES (1035, 73, '2019-01-09', '2003-10-27 16:12:04', '2000-09-14 13:00:54');
INSERT INTO `services` VALUES (1036, 1, '2022-01-11', '2011-12-28 15:48:12', '2020-12-25 22:30:32');
INSERT INTO `services` VALUES (1037, 36, '2021-07-12', '2020-11-05 11:24:36', '2013-04-21 08:38:55');
INSERT INTO `services` VALUES (1038, 19, '2018-10-17', '2008-06-24 15:18:31', '2019-11-19 11:07:18');
INSERT INTO `services` VALUES (1039, 66, '2021-06-19', '2005-04-12 05:17:39', '2007-07-24 10:02:36');
INSERT INTO `services` VALUES (1040, 44, '2021-06-21', '2007-07-03 02:06:07', '2022-05-22 08:48:57');
INSERT INTO `services` VALUES (1041, 35, '2019-06-04', '2013-03-19 16:02:52', '2009-01-02 14:01:16');
INSERT INTO `services` VALUES (1042, 89, '2021-05-18', '2008-05-26 19:53:50', '2001-06-14 12:44:53');
INSERT INTO `services` VALUES (1043, 3, '2022-09-02', '2016-03-12 01:26:01', '2013-06-02 05:55:08');
INSERT INTO `services` VALUES (1044, 90, '2019-12-21', '2003-11-01 18:51:11', '2012-09-27 20:40:54');
INSERT INTO `services` VALUES (1045, 65, '2021-02-13', '2012-02-18 17:00:50', '2009-01-28 12:50:47');
INSERT INTO `services` VALUES (1046, 4, '2022-01-04', '2004-12-06 07:01:29', '2000-10-01 00:04:50');
INSERT INTO `services` VALUES (1047, 4, '2022-06-03', '2022-10-21 08:31:12', '2011-01-18 21:59:03');
INSERT INTO `services` VALUES (1048, 47, '2019-06-28', '2014-09-17 02:05:24', '2012-03-19 03:53:29');
INSERT INTO `services` VALUES (1049, 10, '2020-06-13', '2012-10-02 09:17:03', '2012-04-28 08:12:35');
INSERT INTO `services` VALUES (1050, 2, '2022-06-30', '2001-01-06 16:28:22', '2017-01-15 19:07:05');
INSERT INTO `services` VALUES (1051, 10, '2018-01-26', '2022-03-18 07:54:43', '2000-02-21 01:12:40');
INSERT INTO `services` VALUES (1052, 65, '2018-07-13', '2004-09-08 13:33:56', '2012-01-08 12:26:37');
INSERT INTO `services` VALUES (1053, 30, '2022-08-15', '2010-11-27 08:53:31', '2018-08-06 15:54:10');
INSERT INTO `services` VALUES (1054, 46, '2019-08-17', '2021-08-03 13:01:04', '2013-07-10 22:20:00');
INSERT INTO `services` VALUES (1055, 68, '2021-12-25', '2002-06-06 11:17:21', '2022-09-19 19:46:04');
INSERT INTO `services` VALUES (1056, 7, '2020-10-18', '2008-02-13 20:17:33', '2016-02-11 11:46:34');
INSERT INTO `services` VALUES (1057, 74, '2022-08-03', '2000-02-20 11:22:39', '2021-02-23 18:13:00');
INSERT INTO `services` VALUES (1058, 65, '2022-03-02', '2008-12-06 10:01:00', '2017-05-24 09:12:25');
INSERT INTO `services` VALUES (1059, 43, '2021-08-24', '2001-12-31 18:30:52', '2008-09-27 14:47:35');
INSERT INTO `services` VALUES (1060, 36, '2021-12-03', '2022-07-13 03:03:00', '2021-06-24 13:53:56');
INSERT INTO `services` VALUES (1061, 40, '2021-01-24', '2016-10-22 11:48:50', '2003-07-20 18:05:04');
INSERT INTO `services` VALUES (1062, 9, '2019-02-12', '2021-12-21 01:30:42', '2007-03-30 01:38:44');
INSERT INTO `services` VALUES (1063, 65, '2019-06-14', '2005-01-28 15:48:29', '2019-05-30 19:14:59');
INSERT INTO `services` VALUES (1064, 33, '2020-10-05', '2021-11-11 17:30:25', '2002-12-12 08:30:07');
INSERT INTO `services` VALUES (1065, 35, '2018-01-09', '2004-09-26 04:02:14', '2001-11-14 15:25:00');
INSERT INTO `services` VALUES (1066, 95, '2022-08-19', '2001-12-29 23:38:35', '2016-10-10 18:27:15');
INSERT INTO `services` VALUES (1067, 18, '2018-01-03', '2014-02-13 18:13:38', '2021-04-14 05:52:37');
INSERT INTO `services` VALUES (1068, 73, '2022-11-02', '2020-03-30 22:08:52', '2003-10-25 23:00:24');
INSERT INTO `services` VALUES (1069, 90, '2021-04-05', '2000-08-02 10:53:08', '2003-12-27 17:36:43');
INSERT INTO `services` VALUES (1070, 54, '2022-04-23', '2003-11-19 14:42:40', '2008-01-17 17:16:43');
INSERT INTO `services` VALUES (1071, 72, '2023-02-17', '2013-09-18 04:25:44', '2000-04-23 10:36:29');
INSERT INTO `services` VALUES (1072, 85, '2018-02-02', '2000-01-22 15:04:41', '2018-07-15 09:21:56');
INSERT INTO `services` VALUES (1073, 45, '2021-09-27', '2015-03-01 05:08:36', '2003-01-25 19:04:49');
INSERT INTO `services` VALUES (1074, 95, '2019-04-10', '2015-12-23 11:03:57', '2015-07-08 13:23:06');
INSERT INTO `services` VALUES (1075, 26, '2021-06-01', '2022-03-30 18:20:26', '2020-09-06 15:17:13');
INSERT INTO `services` VALUES (1076, 4, '2021-01-28', '2019-07-30 20:30:53', '2015-04-10 12:22:34');
INSERT INTO `services` VALUES (1077, 23, '2022-12-12', '2000-04-03 08:48:41', '2006-01-05 16:40:14');
INSERT INTO `services` VALUES (1078, 81, '2018-04-03', '2015-05-08 13:46:21', '2008-12-01 22:47:48');
INSERT INTO `services` VALUES (1079, 17, '2019-04-21', '2002-01-19 18:43:48', '2004-07-27 09:14:13');
INSERT INTO `services` VALUES (1080, 97, '2018-03-10', '2002-12-28 15:51:18', '2004-11-19 06:29:50');
INSERT INTO `services` VALUES (1081, 85, '2020-10-03', '2009-08-14 14:34:24', '2005-06-14 15:15:41');
INSERT INTO `services` VALUES (1082, 87, '2020-09-15', '2008-06-24 15:09:37', '2021-08-29 13:57:46');
INSERT INTO `services` VALUES (1083, 69, '2019-11-16', '2003-12-04 07:50:56', '2020-04-02 21:05:21');
INSERT INTO `services` VALUES (1084, 68, '2019-07-30', '2019-03-21 08:02:45', '2010-07-31 21:35:21');
INSERT INTO `services` VALUES (1085, 5, '2021-03-07', '2016-08-24 06:18:09', '2014-05-25 20:57:40');
INSERT INTO `services` VALUES (1086, 87, '2022-06-02', '2007-07-23 23:58:00', '2007-10-08 18:15:31');
INSERT INTO `services` VALUES (1087, 64, '2018-06-18', '2004-11-03 12:46:42', '2018-09-10 05:02:03');
INSERT INTO `services` VALUES (1088, 81, '2018-07-14', '2021-04-08 13:44:22', '2011-08-17 22:57:56');
INSERT INTO `services` VALUES (1089, 4, '2020-01-25', '2009-12-23 04:48:25', '2018-02-08 04:49:40');
INSERT INTO `services` VALUES (1090, 94, '2021-08-04', '2003-03-25 00:45:17', '2005-06-20 09:20:29');
INSERT INTO `services` VALUES (1091, 42, '2022-04-26', '2015-02-17 13:44:54', '2011-10-26 21:09:28');
INSERT INTO `services` VALUES (1092, 92, '2020-10-15', '2020-04-15 19:30:06', '2009-06-04 07:28:41');
INSERT INTO `services` VALUES (1093, 89, '2019-04-16', '2017-10-01 04:39:54', '2012-07-13 01:41:15');
INSERT INTO `services` VALUES (1094, 10, '2019-11-22', '2018-03-14 21:28:17', '2021-07-19 02:44:42');
INSERT INTO `services` VALUES (1095, 88, '2020-05-21', '2010-08-12 13:27:11', '2019-11-09 04:10:07');
INSERT INTO `services` VALUES (1096, 62, '2018-11-17', '2015-12-06 23:45:55', '2010-05-22 07:32:32');
INSERT INTO `services` VALUES (1097, 88, '2022-01-19', '2006-12-14 19:46:09', '2020-03-04 19:53:11');
INSERT INTO `services` VALUES (1098, 44, '2018-09-25', '2014-05-02 14:49:54', '2018-11-12 20:22:40');
INSERT INTO `services` VALUES (1099, 13, '2021-06-12', '2017-12-22 21:58:46', '2003-10-07 02:05:39');
INSERT INTO `services` VALUES (1100, 59, '2019-09-09', '2016-11-10 00:47:18', '2001-12-04 23:06:09');
INSERT INTO `services` VALUES (1101, 56, '2018-11-21', '2002-06-03 02:01:15', '2019-09-21 19:01:48');
INSERT INTO `services` VALUES (1102, 78, '2020-12-05', '2018-03-28 19:25:31', '2001-02-06 11:00:00');
INSERT INTO `services` VALUES (1103, 91, '2019-07-13', '2003-09-11 00:50:33', '2007-05-29 10:51:47');
INSERT INTO `services` VALUES (1104, 82, '2019-12-05', '2014-09-02 21:50:42', '2017-08-17 00:30:41');
INSERT INTO `services` VALUES (1105, 42, '2019-06-20', '2001-07-04 06:49:54', '2006-12-05 08:10:18');
INSERT INTO `services` VALUES (1106, 62, '2018-12-18', '2009-06-29 15:38:08', '2021-02-02 15:53:27');
INSERT INTO `services` VALUES (1107, 73, '2020-09-04', '2022-11-13 05:25:07', '2020-03-31 06:41:25');
INSERT INTO `services` VALUES (1108, 20, '2018-01-10', '2022-06-24 13:44:40', '2011-08-27 09:09:28');
INSERT INTO `services` VALUES (1109, 10, '2020-04-08', '2013-05-03 00:16:27', '2013-03-09 09:40:31');
INSERT INTO `services` VALUES (1110, 17, '2022-03-09', '2012-12-28 10:02:40', '2005-10-25 01:07:02');
INSERT INTO `services` VALUES (1111, 64, '2018-11-12', '2011-04-10 13:44:10', '2004-02-05 09:04:41');
INSERT INTO `services` VALUES (1112, 29, '2022-05-01', '2002-05-12 05:40:57', '2001-06-10 00:15:13');
INSERT INTO `services` VALUES (1113, 59, '2019-02-13', '2005-07-25 05:28:03', '2001-10-02 06:20:02');
INSERT INTO `services` VALUES (1114, 1, '2019-06-07', '2014-12-06 22:56:29', '2008-12-27 02:27:34');
INSERT INTO `services` VALUES (1115, 67, '2021-07-20', '2014-01-06 17:51:19', '2005-10-21 05:16:05');
INSERT INTO `services` VALUES (1116, 19, '2020-03-07', '2015-06-28 06:27:10', '2022-07-18 00:03:40');
INSERT INTO `services` VALUES (1117, 26, '2021-08-21', '2021-07-16 15:39:58', '2015-07-18 11:19:12');
INSERT INTO `services` VALUES (1118, 95, '2020-06-09', '2005-04-24 11:27:09', '2013-09-23 23:03:06');
INSERT INTO `services` VALUES (1119, 97, '2018-09-14', '2007-06-13 03:05:37', '2009-03-28 22:47:53');
INSERT INTO `services` VALUES (1120, 32, '2020-11-13', '2018-04-27 02:26:01', '2019-02-06 06:00:13');
INSERT INTO `services` VALUES (1121, 39, '2019-11-22', '2008-02-14 12:32:21', '2006-04-04 20:04:56');
INSERT INTO `services` VALUES (1122, 24, '2019-02-12', '2004-11-09 00:35:13', '2003-02-25 04:22:23');
INSERT INTO `services` VALUES (1123, 35, '2022-03-03', '2018-06-18 20:39:24', '2017-11-01 20:43:22');
INSERT INTO `services` VALUES (1124, 55, '2019-07-07', '2007-10-11 01:17:10', '2015-05-05 23:27:26');
INSERT INTO `services` VALUES (1125, 79, '2018-02-28', '2020-05-20 12:07:22', '2011-01-25 19:09:48');
INSERT INTO `services` VALUES (1126, 99, '2020-08-18', '2009-01-15 07:32:08', '2019-08-31 14:31:21');
INSERT INTO `services` VALUES (1127, 60, '2018-02-11', '2001-04-06 21:08:23', '2003-12-12 06:51:33');
INSERT INTO `services` VALUES (1128, 38, '2020-08-14', '2004-08-03 18:46:47', '2012-06-10 22:08:32');
INSERT INTO `services` VALUES (1129, 40, '2019-04-03', '2006-10-02 22:34:00', '2001-04-16 23:09:56');
INSERT INTO `services` VALUES (1130, 80, '2021-12-08', '2022-06-17 06:52:26', '2016-07-19 12:44:52');
INSERT INTO `services` VALUES (1131, 74, '2018-03-20', '2008-10-06 03:01:44', '2006-10-06 10:16:07');
INSERT INTO `services` VALUES (1132, 18, '2020-11-11', '2013-08-28 06:13:56', '2021-12-22 17:56:53');
INSERT INTO `services` VALUES (1133, 57, '2019-03-09', '2016-10-21 10:19:29', '2021-01-03 06:04:42');
INSERT INTO `services` VALUES (1134, 78, '2022-08-10', '2001-05-17 10:01:21', '2010-10-25 05:32:10');
INSERT INTO `services` VALUES (1135, 92, '2021-10-17', '2011-10-14 06:56:15', '2012-04-12 22:40:13');
INSERT INTO `services` VALUES (1136, 36, '2021-11-28', '2008-03-01 09:52:05', '2015-07-26 10:54:01');
INSERT INTO `services` VALUES (1137, 91, '2021-06-07', '2010-10-16 00:15:38', '2013-04-28 07:17:12');
INSERT INTO `services` VALUES (1138, 70, '2021-03-28', '2004-11-01 13:22:26', '2011-06-15 05:15:20');
INSERT INTO `services` VALUES (1139, 14, '2019-05-27', '2009-11-15 20:26:41', '2005-08-07 16:16:12');
INSERT INTO `services` VALUES (1140, 82, '2020-01-19', '2009-10-27 05:20:42', '2005-10-27 11:13:20');
INSERT INTO `services` VALUES (1141, 33, '2018-09-18', '2020-10-17 08:46:04', '2017-02-02 17:29:01');
INSERT INTO `services` VALUES (1142, 29, '2020-09-11', '2021-10-08 21:16:01', '2014-05-16 20:37:41');
INSERT INTO `services` VALUES (1143, 49, '2023-03-13', '2014-03-18 17:15:49', '2013-04-18 22:05:22');
INSERT INTO `services` VALUES (1144, 19, '2020-07-30', '2015-05-05 22:00:53', '2008-08-28 15:11:05');
INSERT INTO `services` VALUES (1145, 10, '2019-10-17', '2000-06-01 14:32:39', '2018-04-19 18:26:04');
INSERT INTO `services` VALUES (1146, 80, '2020-12-26', '2002-07-23 02:36:45', '2018-04-13 01:18:33');
INSERT INTO `services` VALUES (1147, 32, '2021-06-09', '2015-10-08 13:32:07', '2003-12-23 11:35:49');
INSERT INTO `services` VALUES (1148, 45, '2022-01-04', '2022-07-01 10:20:14', '2011-03-26 07:18:08');
INSERT INTO `services` VALUES (1149, 38, '2022-09-27', '2016-05-04 05:45:39', '2018-11-10 01:43:06');
INSERT INTO `services` VALUES (1150, 39, '2019-10-30', '2018-11-12 05:42:03', '2017-01-18 17:29:13');
INSERT INTO `services` VALUES (1151, 80, '2019-10-06', '2003-08-25 02:41:47', '2002-04-14 21:19:18');
INSERT INTO `services` VALUES (1152, 89, '2021-07-11', '2020-09-24 01:02:12', '2000-07-27 12:47:22');
INSERT INTO `services` VALUES (1153, 15, '2021-02-27', '2005-05-31 12:55:09', '2021-03-18 13:07:35');
INSERT INTO `services` VALUES (1154, 7, '2022-05-23', '2008-07-01 00:10:05', '2015-05-17 19:53:06');
INSERT INTO `services` VALUES (1155, 12, '2021-10-09', '2000-02-29 22:46:22', '2015-09-29 09:38:42');
INSERT INTO `services` VALUES (1156, 59, '2021-09-16', '2002-12-15 22:39:20', '2004-06-25 06:59:35');
INSERT INTO `services` VALUES (1157, 26, '2020-10-28', '2014-12-08 00:24:06', '2005-07-19 10:32:07');
INSERT INTO `services` VALUES (1158, 9, '2021-04-18', '2004-08-11 04:32:49', '2002-05-01 19:05:28');
INSERT INTO `services` VALUES (1159, 28, '2019-08-31', '2014-04-23 21:44:15', '2020-09-24 07:08:23');
INSERT INTO `services` VALUES (1160, 55, '2021-03-18', '2010-10-08 01:07:43', '2009-08-05 21:09:07');
INSERT INTO `services` VALUES (1161, 45, '2019-02-10', '2019-06-17 18:30:54', '2016-01-03 18:31:19');
INSERT INTO `services` VALUES (1162, 88, '2020-07-08', '2013-11-02 20:16:34', '2014-04-15 21:35:34');
INSERT INTO `services` VALUES (1163, 87, '2019-10-16', '2006-02-06 14:37:33', '2006-10-12 00:01:17');
INSERT INTO `services` VALUES (1164, 3, '2022-01-18', '2005-05-28 10:37:35', '2005-09-11 11:32:00');
INSERT INTO `services` VALUES (1165, 36, '2020-05-20', '2018-10-30 11:01:32', '2006-06-26 15:23:50');
INSERT INTO `services` VALUES (1166, 63, '2019-07-18', '2002-07-20 17:41:04', '2013-11-29 07:18:45');
INSERT INTO `services` VALUES (1167, 13, '2020-07-24', '2002-06-07 11:37:51', '2021-10-08 03:21:42');
INSERT INTO `services` VALUES (1168, 62, '2019-05-06', '2005-05-01 17:46:35', '2014-02-11 17:36:37');
INSERT INTO `services` VALUES (1169, 8, '2021-04-20', '2013-05-25 05:21:15', '2002-02-15 20:21:24');
INSERT INTO `services` VALUES (1170, 32, '2022-07-15', '2010-02-13 18:49:09', '2022-01-18 05:53:42');
INSERT INTO `services` VALUES (1171, 81, '2021-10-17', '2015-12-09 03:04:36', '2012-03-23 16:08:20');
INSERT INTO `services` VALUES (1172, 82, '2019-05-05', '2009-11-19 09:38:01', '2002-05-23 21:35:55');
INSERT INTO `services` VALUES (1173, 27, '2022-08-18', '2001-09-02 06:07:40', '2014-01-27 17:21:35');
INSERT INTO `services` VALUES (1174, 7, '2018-07-20', '2006-07-03 23:28:35', '2014-09-29 18:35:26');
INSERT INTO `services` VALUES (1175, 15, '2018-12-15', '2012-03-22 05:13:12', '2006-09-18 18:32:56');
INSERT INTO `services` VALUES (1176, 58, '2018-05-30', '2003-01-12 15:17:41', '2010-12-29 17:52:45');
INSERT INTO `services` VALUES (1177, 8, '2022-11-17', '2000-02-18 11:11:12', '2001-03-12 07:29:37');
INSERT INTO `services` VALUES (1178, 66, '2019-08-31', '2004-09-17 11:58:48', '2006-04-14 17:17:39');
INSERT INTO `services` VALUES (1179, 44, '2022-11-17', '2010-06-18 19:14:33', '2016-06-29 14:55:17');
INSERT INTO `services` VALUES (1180, 40, '2021-10-28', '2018-12-09 03:31:34', '2015-10-22 14:24:41');
INSERT INTO `services` VALUES (1181, 61, '2021-07-02', '2019-10-29 02:23:59', '2005-03-18 19:19:30');
INSERT INTO `services` VALUES (1182, 15, '2021-09-25', '2018-08-03 13:08:51', '2021-06-16 04:50:50');
INSERT INTO `services` VALUES (1183, 68, '2022-07-13', '2010-10-17 03:10:04', '2005-06-01 20:01:41');
INSERT INTO `services` VALUES (1184, 44, '2021-09-16', '2017-12-05 14:54:16', '2016-03-12 18:58:35');
INSERT INTO `services` VALUES (1185, 65, '2022-12-24', '2008-10-06 15:58:14', '2019-06-23 05:40:54');
INSERT INTO `services` VALUES (1186, 26, '2018-12-26', '2017-08-02 16:57:34', '2008-01-22 22:18:55');
INSERT INTO `services` VALUES (1187, 22, '2022-11-15', '2002-09-16 22:41:22', '2004-10-01 01:33:29');
INSERT INTO `services` VALUES (1188, 40, '2021-11-04', '2008-03-15 06:32:38', '2002-11-27 02:13:18');
INSERT INTO `services` VALUES (1189, 55, '2019-05-11', '2017-01-04 17:10:29', '2004-02-28 05:57:19');
INSERT INTO `services` VALUES (1190, 40, '2021-06-23', '2015-10-17 08:37:05', '2007-02-23 03:27:22');
INSERT INTO `services` VALUES (1191, 47, '2019-08-31', '2021-04-30 23:44:57', '2001-10-30 20:04:03');
INSERT INTO `services` VALUES (1192, 78, '2020-11-03', '2019-04-23 02:41:18', '2001-04-12 15:13:03');
INSERT INTO `services` VALUES (1193, 32, '2022-11-30', '2021-08-25 00:45:47', '2011-04-22 03:42:41');
INSERT INTO `services` VALUES (1194, 43, '2022-11-17', '2003-12-29 07:30:16', '2019-08-11 13:44:47');
INSERT INTO `services` VALUES (1195, 56, '2022-08-21', '2017-07-02 21:25:50', '2020-03-08 13:21:54');
INSERT INTO `services` VALUES (1196, 77, '2018-08-06', '2002-04-09 02:03:16', '2001-11-15 13:17:38');
INSERT INTO `services` VALUES (1197, 12, '2020-09-02', '2003-08-15 11:26:32', '2017-09-22 21:22:13');
INSERT INTO `services` VALUES (1198, 78, '2022-05-26', '2019-05-10 21:41:51', '2008-05-09 07:19:27');
INSERT INTO `services` VALUES (1199, 92, '2018-02-04', '2007-01-04 07:35:52', '2013-03-25 07:01:20');
INSERT INTO `services` VALUES (1200, 71, '2021-04-22', '2003-03-25 22:09:49', '2003-12-04 01:29:38');
INSERT INTO `services` VALUES (1201, 81, '2022-07-02', '2019-08-23 06:37:01', '2014-03-02 13:23:53');
INSERT INTO `services` VALUES (1202, 32, '2018-05-29', '2003-04-13 02:29:45', '2010-04-30 17:25:48');
INSERT INTO `services` VALUES (1203, 85, '2019-04-03', '2010-03-14 04:57:58', '2002-02-26 10:30:09');
INSERT INTO `services` VALUES (1204, 43, '2022-11-12', '2020-07-14 12:07:11', '2009-11-14 18:37:52');
INSERT INTO `services` VALUES (1205, 95, '2020-04-26', '2008-02-09 13:52:55', '2004-04-29 21:45:38');
INSERT INTO `services` VALUES (1206, 3, '2018-01-06', '2015-10-10 14:57:30', '2009-06-17 05:09:15');
INSERT INTO `services` VALUES (1207, 61, '2022-01-14', '2021-01-12 09:54:02', '2013-12-12 20:59:22');
INSERT INTO `services` VALUES (1208, 11, '2020-02-22', '2010-09-26 05:16:49', '2019-05-06 15:48:18');
INSERT INTO `services` VALUES (1209, 80, '2019-06-05', '2001-02-11 22:16:45', '2007-08-23 10:59:08');
INSERT INTO `services` VALUES (1210, 86, '2018-04-04', '2013-05-05 04:17:06', '2017-05-25 10:21:17');
INSERT INTO `services` VALUES (1211, 41, '2021-02-23', '2014-10-07 10:56:56', '2022-03-03 07:18:42');
INSERT INTO `services` VALUES (1212, 51, '2019-07-31', '2013-10-19 16:19:49', '2000-11-08 13:30:28');
INSERT INTO `services` VALUES (1213, 31, '2020-03-01', '2016-12-01 15:28:12', '2019-07-26 06:52:45');
INSERT INTO `services` VALUES (1214, 2, '2021-10-12', '2021-03-30 06:53:10', '2008-05-17 22:17:36');
INSERT INTO `services` VALUES (1215, 59, '2021-07-15', '2016-12-27 05:35:41', '2017-04-22 09:30:59');
INSERT INTO `services` VALUES (1216, 84, '2020-09-05', '2015-02-05 16:57:49', '2000-03-15 13:49:03');
INSERT INTO `services` VALUES (1217, 56, '2022-05-26', '2022-10-08 00:59:13', '2008-05-06 06:05:10');
INSERT INTO `services` VALUES (1218, 68, '2021-10-06', '2014-09-21 03:47:23', '2011-05-26 00:39:05');
INSERT INTO `services` VALUES (1219, 69, '2019-04-29', '2019-07-25 21:18:05', '2011-08-30 07:42:26');
INSERT INTO `services` VALUES (1220, 91, '2023-03-02', '2008-05-24 17:40:53', '2011-06-07 02:13:29');
INSERT INTO `services` VALUES (1221, 25, '2021-01-29', '2008-01-24 06:37:14', '2012-05-05 06:39:34');
INSERT INTO `services` VALUES (1222, 92, '2022-10-13', '2008-10-15 05:07:56', '2006-06-15 10:11:30');
INSERT INTO `services` VALUES (1223, 33, '2019-10-14', '2001-09-03 20:03:34', '2016-02-10 11:11:25');
INSERT INTO `services` VALUES (1224, 69, '2022-06-15', '2016-07-29 23:05:58', '2003-03-27 10:24:20');
INSERT INTO `services` VALUES (1225, 79, '2022-02-12', '2011-09-24 16:27:07', '2013-10-26 13:34:15');
INSERT INTO `services` VALUES (1226, 60, '2021-12-17', '2005-01-28 12:35:26', '2013-06-02 12:28:25');
INSERT INTO `services` VALUES (1227, 71, '2020-09-29', '2002-05-07 07:50:47', '2012-01-06 00:10:15');
INSERT INTO `services` VALUES (1228, 27, '2022-09-04', '2019-08-30 19:34:39', '2009-01-29 01:55:24');
INSERT INTO `services` VALUES (1229, 17, '2018-08-11', '2014-12-16 10:48:47', '2000-07-02 18:02:06');
INSERT INTO `services` VALUES (1230, 18, '2018-05-31', '2006-07-21 04:14:57', '2014-12-17 17:15:50');
INSERT INTO `services` VALUES (1231, 42, '2020-03-01', '2020-05-22 01:52:21', '2007-04-27 04:10:55');
INSERT INTO `services` VALUES (1232, 23, '2020-09-23', '2001-06-09 19:57:51', '2013-11-11 20:37:19');
INSERT INTO `services` VALUES (1233, 37, '2019-01-03', '2014-06-19 22:43:34', '2009-12-06 05:24:49');
INSERT INTO `services` VALUES (1234, 84, '2021-11-04', '2005-07-15 02:00:57', '2016-03-29 14:59:59');
INSERT INTO `services` VALUES (1235, 20, '2021-09-29', '2004-07-27 04:34:55', '2010-01-13 14:28:36');
INSERT INTO `services` VALUES (1236, 20, '2019-12-01', '2003-04-05 18:06:39', '2001-02-28 18:36:48');
INSERT INTO `services` VALUES (1237, 59, '2018-06-29', '2000-05-14 05:12:55', '2011-09-16 05:43:59');
INSERT INTO `services` VALUES (1238, 76, '2019-05-19', '2001-11-05 14:59:26', '2009-08-25 11:18:26');
INSERT INTO `services` VALUES (1239, 15, '2021-12-28', '2013-01-10 08:29:47', '2022-12-07 10:34:19');
INSERT INTO `services` VALUES (1240, 43, '2020-09-16', '2007-03-17 06:04:26', '2012-09-02 13:22:00');
INSERT INTO `services` VALUES (1241, 27, '2021-03-04', '2009-09-16 17:38:42', '2000-01-11 07:04:20');
INSERT INTO `services` VALUES (1242, 1, '2022-03-23', '2010-11-19 02:46:43', '2017-02-24 22:18:25');
INSERT INTO `services` VALUES (1243, 49, '2020-05-07', '2017-02-02 16:29:12', '2014-02-14 15:04:45');
INSERT INTO `services` VALUES (1244, 54, '2018-10-29', '2011-09-17 14:40:55', '2014-08-20 02:33:17');
INSERT INTO `services` VALUES (1245, 20, '2019-08-03', '2018-03-28 19:50:00', '2013-02-05 17:29:24');
INSERT INTO `services` VALUES (1246, 48, '2019-05-01', '2003-09-05 01:49:50', '2006-09-10 17:26:50');
INSERT INTO `services` VALUES (1247, 92, '2020-10-25', '2005-01-25 22:37:34', '2015-07-28 20:05:32');
INSERT INTO `services` VALUES (1248, 9, '2021-06-01', '2017-07-21 13:13:44', '2003-07-03 09:19:00');
INSERT INTO `services` VALUES (1249, 53, '2021-05-25', '2022-05-24 04:10:06', '2002-02-08 15:46:25');
INSERT INTO `services` VALUES (1250, 66, '2018-10-13', '2019-01-30 20:56:42', '2009-06-24 09:46:46');
INSERT INTO `services` VALUES (1251, 53, '2021-04-12', '2017-11-05 21:29:27', '2018-01-24 00:16:20');
INSERT INTO `services` VALUES (1252, 94, '2021-09-10', '2020-09-10 04:00:42', '2015-03-29 19:25:52');
INSERT INTO `services` VALUES (1253, 80, '2021-02-08', '2000-03-05 21:27:22', '2013-01-18 18:34:21');
INSERT INTO `services` VALUES (1254, 57, '2018-10-30', '2003-03-01 05:18:10', '2004-05-16 06:11:30');
INSERT INTO `services` VALUES (1255, 16, '2021-12-31', '2020-10-19 11:57:15', '2021-10-04 13:41:07');
INSERT INTO `services` VALUES (1256, 8, '2019-02-18', '2007-01-10 20:39:48', '2016-12-14 16:20:49');
INSERT INTO `services` VALUES (1257, 92, '2021-05-02', '2016-09-21 17:07:06', '2011-10-17 02:36:03');
INSERT INTO `services` VALUES (1258, 53, '2018-08-01', '2001-12-03 08:17:26', '2001-02-04 06:49:04');
INSERT INTO `services` VALUES (1259, 80, '2020-11-21', '2005-11-13 06:50:26', '2001-06-02 08:30:17');
INSERT INTO `services` VALUES (1260, 62, '2019-09-06', '2011-01-20 18:54:40', '2016-07-17 03:06:24');
INSERT INTO `services` VALUES (1261, 14, '2018-05-20', '2003-08-03 13:48:56', '2021-04-10 17:53:13');
INSERT INTO `services` VALUES (1262, 2, '2020-10-18', '2010-08-24 13:09:37', '2002-07-28 14:06:40');
INSERT INTO `services` VALUES (1263, 2, '2021-07-22', '2010-10-17 07:30:07', '2004-06-23 01:55:02');
INSERT INTO `services` VALUES (1264, 80, '2021-08-18', '2013-02-11 18:53:00', '2014-03-11 11:36:01');
INSERT INTO `services` VALUES (1265, 58, '2022-04-03', '2014-07-25 15:51:41', '2019-12-25 00:16:53');
INSERT INTO `services` VALUES (1266, 44, '2022-09-24', '2011-09-07 06:04:23', '2020-12-14 03:35:15');
INSERT INTO `services` VALUES (1267, 58, '2022-08-08', '2000-04-05 17:29:17', '2019-11-23 02:53:30');
INSERT INTO `services` VALUES (1268, 9, '2021-07-27', '2015-04-08 17:57:43', '2020-01-11 22:26:17');
INSERT INTO `services` VALUES (1269, 96, '2022-01-16', '2018-04-10 13:16:27', '2010-10-09 11:24:45');
INSERT INTO `services` VALUES (1270, 100, '2019-07-23', '2016-12-19 06:44:28', '2021-11-27 13:20:38');
INSERT INTO `services` VALUES (1271, 77, '2019-07-07', '2012-04-25 02:49:03', '2005-01-01 15:57:49');
INSERT INTO `services` VALUES (1272, 7, '2019-01-29', '2011-06-20 18:11:35', '2014-11-02 04:38:41');
INSERT INTO `services` VALUES (1273, 39, '2023-02-09', '2013-09-01 04:26:25', '2003-12-05 17:28:39');
INSERT INTO `services` VALUES (1274, 31, '2020-07-27', '2016-05-09 08:08:49', '2022-02-20 20:35:24');
INSERT INTO `services` VALUES (1275, 23, '2019-04-27', '2007-08-27 20:58:39', '2008-12-13 01:15:49');
INSERT INTO `services` VALUES (1276, 15, '2019-03-01', '2018-08-17 04:26:43', '2007-07-23 08:13:51');
INSERT INTO `services` VALUES (1277, 7, '2023-01-23', '2016-09-13 07:41:20', '2019-08-25 06:29:46');
INSERT INTO `services` VALUES (1278, 59, '2021-07-10', '2017-08-19 14:33:30', '2017-08-10 12:33:16');
INSERT INTO `services` VALUES (1279, 6, '2019-12-23', '2000-01-19 23:41:42', '2007-08-25 19:27:17');
INSERT INTO `services` VALUES (1280, 49, '2022-05-28', '2005-04-24 06:48:01', '2006-11-19 17:48:51');
INSERT INTO `services` VALUES (1281, 66, '2021-10-29', '2003-02-25 22:12:55', '2011-08-12 21:37:53');
INSERT INTO `services` VALUES (1282, 42, '2021-12-17', '2022-07-27 02:30:45', '2020-11-14 14:13:47');
INSERT INTO `services` VALUES (1283, 25, '2021-11-01', '2020-06-11 07:07:15', '2023-02-20 10:41:40');
INSERT INTO `services` VALUES (1284, 70, '2018-12-20', '2006-01-07 18:39:51', '2017-07-09 11:47:03');
INSERT INTO `services` VALUES (1285, 55, '2020-10-08', '2017-08-12 11:21:34', '2003-08-29 03:17:32');
INSERT INTO `services` VALUES (1286, 92, '2021-03-26', '2014-03-17 20:25:40', '2002-05-04 19:15:06');
INSERT INTO `services` VALUES (1287, 94, '2019-02-26', '2021-04-23 09:12:41', '2019-03-27 17:48:54');
INSERT INTO `services` VALUES (1288, 72, '2023-01-28', '2014-08-17 21:23:59', '2002-04-11 18:14:05');
INSERT INTO `services` VALUES (1289, 41, '2018-05-22', '2003-05-04 14:19:17', '2017-04-09 02:21:28');
INSERT INTO `services` VALUES (1290, 76, '2018-03-16', '2003-10-04 16:56:05', '2011-02-06 13:21:31');
INSERT INTO `services` VALUES (1291, 50, '2019-06-30', '2011-07-25 12:00:44', '2007-07-19 03:56:11');
INSERT INTO `services` VALUES (1292, 95, '2022-12-29', '2008-11-30 18:10:04', '2020-12-02 16:00:35');
INSERT INTO `services` VALUES (1293, 50, '2020-03-23', '2011-11-24 11:32:26', '2007-07-20 13:47:29');
INSERT INTO `services` VALUES (1294, 12, '2019-11-30', '2003-12-23 06:37:46', '2010-05-22 20:11:02');
INSERT INTO `services` VALUES (1295, 68, '2018-02-26', '2006-11-11 01:46:19', '2004-08-16 04:31:34');
INSERT INTO `services` VALUES (1296, 35, '2019-10-08', '2013-12-25 05:15:39', '2013-01-13 21:16:57');
INSERT INTO `services` VALUES (1297, 47, '2020-03-07', '2021-01-30 09:54:59', '2017-07-17 03:09:01');
INSERT INTO `services` VALUES (1298, 94, '2021-08-06', '2019-01-14 09:25:51', '2002-07-09 17:39:34');
INSERT INTO `services` VALUES (1299, 38, '2019-01-29', '2018-12-09 10:47:08', '2021-12-27 16:49:48');
INSERT INTO `services` VALUES (1300, 35, '2022-01-14', '2015-01-04 09:37:49', '2016-08-13 07:36:18');
INSERT INTO `services` VALUES (1301, 96, '2022-10-19', '2002-09-22 20:13:31', '2022-05-07 22:22:57');
INSERT INTO `services` VALUES (1302, 79, '2019-11-22', '2023-01-31 18:51:16', '2005-04-30 16:30:53');
INSERT INTO `services` VALUES (1303, 48, '2022-03-11', '2008-04-30 04:21:13', '2020-11-14 18:10:52');
INSERT INTO `services` VALUES (1304, 52, '2018-12-22', '2015-06-03 11:15:49', '2008-12-03 19:29:15');
INSERT INTO `services` VALUES (1305, 1, '2020-12-30', '2021-10-17 23:10:46', '2003-11-08 18:24:25');
INSERT INTO `services` VALUES (1306, 66, '2018-10-20', '2020-10-03 17:09:21', '2014-08-11 05:05:16');
INSERT INTO `services` VALUES (1307, 16, '2021-09-26', '2013-01-16 18:57:35', '2011-05-29 20:26:13');
INSERT INTO `services` VALUES (1308, 58, '2019-04-03', '2013-06-19 13:29:15', '2013-06-09 02:24:48');
INSERT INTO `services` VALUES (1309, 89, '2018-07-27', '2003-03-04 04:16:53', '2013-10-19 06:54:29');
INSERT INTO `services` VALUES (1310, 10, '2022-10-26', '2010-01-02 19:48:33', '2005-10-31 15:35:01');
INSERT INTO `services` VALUES (1311, 8, '2022-07-25', '2021-03-06 19:45:42', '2018-09-13 20:36:16');
INSERT INTO `services` VALUES (1312, 63, '2019-12-03', '2013-07-10 11:08:59', '2011-06-12 05:12:53');
INSERT INTO `services` VALUES (1313, 40, '2018-07-07', '2017-01-06 06:12:15', '2012-05-09 14:21:03');
INSERT INTO `services` VALUES (1314, 97, '2018-11-13', '2022-02-11 06:15:07', '2013-01-05 07:16:01');
INSERT INTO `services` VALUES (1315, 22, '2022-10-11', '2004-03-20 10:36:26', '2017-08-07 05:16:17');
INSERT INTO `services` VALUES (1316, 75, '2019-04-20', '2022-08-31 05:06:28', '2011-06-03 07:14:58');
INSERT INTO `services` VALUES (1317, 20, '2020-03-28', '2017-01-04 07:42:18', '2017-10-16 12:22:20');
INSERT INTO `services` VALUES (1318, 28, '2022-02-19', '2018-04-13 08:25:23', '2004-08-29 16:53:01');
INSERT INTO `services` VALUES (1319, 55, '2019-01-12', '2019-08-01 20:40:31', '2010-11-01 23:36:02');
INSERT INTO `services` VALUES (1320, 68, '2021-01-11', '2019-10-21 18:38:09', '2012-01-10 01:44:34');
INSERT INTO `services` VALUES (1321, 72, '2022-01-09', '2015-06-19 05:39:45', '2019-12-08 07:43:31');
INSERT INTO `services` VALUES (1322, 35, '2020-07-16', '2019-08-29 04:39:02', '2006-10-25 21:16:15');
INSERT INTO `services` VALUES (1323, 53, '2021-11-04', '2015-03-10 10:57:44', '2015-02-13 02:00:34');
INSERT INTO `services` VALUES (1324, 77, '2019-10-27', '2019-11-02 00:21:01', '2022-08-11 09:34:18');
INSERT INTO `services` VALUES (1325, 12, '2018-03-27', '2017-02-26 02:07:17', '2017-10-18 17:47:16');
INSERT INTO `services` VALUES (1326, 78, '2019-11-17', '2008-11-08 12:15:01', '2014-10-06 04:51:22');
INSERT INTO `services` VALUES (1327, 88, '2018-10-17', '2017-03-16 14:04:36', '2006-08-31 14:00:47');
INSERT INTO `services` VALUES (1328, 40, '2018-09-07', '2018-03-01 19:43:27', '2001-01-11 08:57:05');
INSERT INTO `services` VALUES (1329, 12, '2021-03-12', '2004-05-15 07:13:26', '2001-09-15 11:42:34');
INSERT INTO `services` VALUES (1330, 92, '2018-06-08', '2016-08-23 10:04:52', '2019-01-13 22:57:13');
INSERT INTO `services` VALUES (1331, 86, '2020-12-15', '2022-07-03 17:41:09', '2008-12-20 16:59:41');
INSERT INTO `services` VALUES (1332, 45, '2022-04-06', '2013-10-19 17:21:37', '2022-03-22 03:41:12');
INSERT INTO `services` VALUES (1333, 97, '2020-09-03', '2004-12-31 11:48:28', '2014-02-12 20:01:16');
INSERT INTO `services` VALUES (1334, 69, '2022-12-04', '2020-07-24 19:29:50', '2016-06-05 07:28:46');
INSERT INTO `services` VALUES (1335, 74, '2019-04-03', '2021-08-06 07:46:12', '2022-08-11 11:57:37');
INSERT INTO `services` VALUES (1336, 36, '2018-12-11', '2001-07-17 10:12:28', '2003-06-24 08:41:10');
INSERT INTO `services` VALUES (1337, 65, '2019-11-26', '2020-08-12 19:21:53', '2020-06-22 08:47:48');
INSERT INTO `services` VALUES (1338, 47, '2021-11-05', '2010-09-06 21:30:19', '2006-01-02 03:42:32');
INSERT INTO `services` VALUES (1339, 33, '2021-08-21', '2018-08-16 19:53:43', '2022-05-17 20:54:50');
INSERT INTO `services` VALUES (1340, 88, '2022-12-23', '2002-11-19 22:23:14', '2022-05-14 15:14:19');
INSERT INTO `services` VALUES (1341, 54, '2018-09-11', '2003-04-09 13:04:18', '2012-07-18 23:40:46');
INSERT INTO `services` VALUES (1342, 90, '2019-04-29', '2022-08-22 12:58:10', '2004-03-09 17:56:32');
INSERT INTO `services` VALUES (1343, 70, '2022-08-28', '2010-03-22 09:55:57', '2004-10-29 13:51:30');
INSERT INTO `services` VALUES (1344, 54, '2021-07-10', '2013-03-27 05:02:48', '2003-10-15 02:06:52');
INSERT INTO `services` VALUES (1345, 99, '2018-07-13', '2016-05-06 18:50:20', '2005-08-08 08:24:52');
INSERT INTO `services` VALUES (1346, 22, '2020-04-21', '2012-07-28 16:54:45', '2000-05-09 10:00:47');
INSERT INTO `services` VALUES (1347, 70, '2022-10-16', '2010-01-26 20:42:27', '2006-01-31 02:32:24');
INSERT INTO `services` VALUES (1348, 30, '2020-11-07', '2014-07-06 18:30:46', '2017-06-21 13:09:17');
INSERT INTO `services` VALUES (1349, 77, '2018-07-01', '2015-02-04 08:25:46', '2002-06-20 05:19:09');
INSERT INTO `services` VALUES (1350, 94, '2018-11-06', '2017-11-02 10:05:17', '2003-02-28 04:51:44');
INSERT INTO `services` VALUES (1351, 29, '2019-06-08', '2005-01-02 04:09:12', '2008-04-13 06:39:30');
INSERT INTO `services` VALUES (1352, 57, '2022-09-06', '2003-07-07 03:10:07', '2015-12-18 11:09:33');
INSERT INTO `services` VALUES (1353, 27, '2021-03-29', '2019-02-17 08:35:15', '2000-02-17 08:01:50');
INSERT INTO `services` VALUES (1354, 62, '2018-01-10', '2009-09-17 06:36:38', '2008-03-28 05:09:41');
INSERT INTO `services` VALUES (1355, 41, '2019-02-02', '2021-03-28 12:08:38', '2013-07-18 18:30:29');
INSERT INTO `services` VALUES (1356, 24, '2018-10-26', '2012-08-20 11:40:45', '2019-04-24 22:34:06');
INSERT INTO `services` VALUES (1357, 5, '2020-06-28', '2005-09-15 08:29:03', '2021-10-17 00:47:45');
INSERT INTO `services` VALUES (1358, 62, '2021-07-02', '2004-09-04 20:56:35', '2018-08-12 18:46:02');
INSERT INTO `services` VALUES (1359, 71, '2022-10-20', '2004-05-18 08:14:23', '2006-12-30 00:51:09');
INSERT INTO `services` VALUES (1360, 52, '2021-02-18', '2002-07-24 20:23:01', '2009-06-04 16:03:11');
INSERT INTO `services` VALUES (1361, 4, '2022-09-15', '2001-09-07 16:49:48', '2006-07-18 20:10:26');
INSERT INTO `services` VALUES (1362, 41, '2018-07-26', '2013-08-18 01:45:00', '2018-03-16 06:01:13');
INSERT INTO `services` VALUES (1363, 55, '2020-11-09', '2017-11-26 04:20:55', '2013-06-22 08:43:10');
INSERT INTO `services` VALUES (1364, 59, '2021-11-13', '2003-10-07 09:52:58', '2005-03-01 10:22:36');
INSERT INTO `services` VALUES (1365, 10, '2018-11-20', '2007-05-07 16:53:06', '2018-12-26 04:51:58');
INSERT INTO `services` VALUES (1366, 40, '2018-11-14', '2006-11-06 05:13:25', '2001-10-27 14:59:39');
INSERT INTO `services` VALUES (1367, 40, '2020-04-13', '2000-01-14 09:43:20', '2020-05-07 23:55:50');
INSERT INTO `services` VALUES (1368, 94, '2022-09-13', '2021-03-28 20:37:37', '2004-05-02 03:12:09');
INSERT INTO `services` VALUES (1369, 3, '2021-12-19', '2018-03-15 10:52:05', '2015-08-27 21:29:34');
INSERT INTO `services` VALUES (1370, 21, '2020-05-03', '2004-09-05 16:13:59', '2011-07-08 04:32:47');
INSERT INTO `services` VALUES (1371, 38, '2021-02-01', '2002-07-14 04:33:49', '2004-06-18 05:13:02');
INSERT INTO `services` VALUES (1372, 83, '2018-12-17', '2002-04-26 04:39:53', '2007-09-27 10:42:41');
INSERT INTO `services` VALUES (1373, 25, '2019-08-17', '2003-03-19 21:38:17', '2020-01-06 09:58:24');
INSERT INTO `services` VALUES (1374, 73, '2021-04-10', '2021-07-04 04:13:20', '2002-05-09 18:26:02');
INSERT INTO `services` VALUES (1375, 27, '2020-09-18', '2001-05-07 10:41:50', '2019-06-28 03:42:20');
INSERT INTO `services` VALUES (1376, 66, '2018-11-06', '2020-05-29 15:11:48', '2017-07-16 02:37:10');
INSERT INTO `services` VALUES (1377, 64, '2021-06-28', '2016-01-30 21:52:46', '2013-06-07 09:35:53');
INSERT INTO `services` VALUES (1378, 33, '2018-08-16', '2002-04-10 18:50:43', '2016-08-04 04:41:42');
INSERT INTO `services` VALUES (1379, 3, '2019-05-23', '2012-04-12 19:22:40', '2005-09-08 01:36:12');
INSERT INTO `services` VALUES (1380, 67, '2022-05-03', '2009-01-15 06:24:25', '2013-07-14 17:32:54');
INSERT INTO `services` VALUES (1381, 35, '2020-06-19', '2011-05-02 05:39:59', '2008-10-15 07:24:44');
INSERT INTO `services` VALUES (1382, 34, '2018-03-06', '2020-08-18 02:08:10', '2010-05-04 22:25:02');
INSERT INTO `services` VALUES (1383, 80, '2021-05-06', '2015-10-05 02:37:04', '2004-06-30 11:20:44');
INSERT INTO `services` VALUES (1384, 17, '2021-09-01', '2009-05-17 20:33:58', '2000-05-02 07:07:06');
INSERT INTO `services` VALUES (1385, 78, '2021-07-10', '2007-12-11 09:34:58', '2017-02-16 07:53:10');
INSERT INTO `services` VALUES (1386, 77, '2020-10-03', '2011-12-29 13:14:45', '2002-11-09 05:08:43');
INSERT INTO `services` VALUES (1387, 68, '2021-07-24', '2004-07-24 13:51:33', '2001-08-29 00:04:22');
INSERT INTO `services` VALUES (1388, 76, '2018-09-02', '2008-08-19 13:41:47', '2012-10-08 23:51:51');
INSERT INTO `services` VALUES (1389, 17, '2021-05-12', '2004-06-09 13:06:44', '2018-07-22 02:48:08');
INSERT INTO `services` VALUES (1390, 42, '2018-09-04', '2019-11-14 13:47:05', '2017-07-02 07:53:21');
INSERT INTO `services` VALUES (1391, 88, '2022-01-09', '2009-06-04 21:05:00', '2013-03-04 00:25:50');
INSERT INTO `services` VALUES (1392, 65, '2018-09-29', '2013-06-13 10:22:08', '2016-08-15 09:35:16');
INSERT INTO `services` VALUES (1393, 99, '2023-02-19', '2016-01-01 09:06:40', '2016-10-21 09:53:16');
INSERT INTO `services` VALUES (1394, 81, '2018-08-21', '2013-01-08 03:44:53', '2004-04-28 08:59:28');
INSERT INTO `services` VALUES (1395, 26, '2021-03-08', '2018-04-01 14:49:44', '2009-04-14 16:46:22');
INSERT INTO `services` VALUES (1396, 76, '2023-01-28', '2002-03-18 07:22:26', '2015-12-30 07:31:07');
INSERT INTO `services` VALUES (1397, 21, '2018-04-29', '2003-09-18 09:51:30', '2002-01-09 16:31:03');
INSERT INTO `services` VALUES (1398, 56, '2023-01-26', '2005-01-28 11:17:32', '2001-10-01 11:36:42');
INSERT INTO `services` VALUES (1399, 28, '2019-02-03', '2008-05-08 00:32:54', '2014-07-25 10:45:18');
INSERT INTO `services` VALUES (1400, 13, '2018-02-23', '2022-12-19 04:33:08', '2016-12-11 11:04:01');
INSERT INTO `services` VALUES (1401, 87, '2019-05-15', '2017-01-29 19:28:24', '2002-05-19 02:11:02');
INSERT INTO `services` VALUES (1402, 64, '2022-07-04', '2004-03-05 09:09:18', '2020-09-08 05:58:42');
INSERT INTO `services` VALUES (1403, 28, '2020-12-10', '2005-09-29 00:01:16', '2015-02-07 09:24:15');
INSERT INTO `services` VALUES (1404, 58, '2022-08-05', '2006-10-27 11:43:22', '2021-07-27 02:03:35');
INSERT INTO `services` VALUES (1405, 29, '2021-02-13', '2002-07-09 18:25:37', '2018-04-08 02:04:02');
INSERT INTO `services` VALUES (1406, 49, '2018-01-08', '2015-03-28 01:26:23', '2017-03-22 04:41:09');
INSERT INTO `services` VALUES (1407, 36, '2021-07-06', '2022-07-28 05:46:38', '2005-10-21 13:41:56');
INSERT INTO `services` VALUES (1408, 22, '2023-01-18', '2013-08-04 08:16:39', '2010-11-20 20:46:47');
INSERT INTO `services` VALUES (1409, 21, '2021-07-14', '2002-11-05 14:46:48', '2023-03-16 08:20:09');
INSERT INTO `services` VALUES (1410, 57, '2018-05-13', '2002-11-14 09:46:46', '2005-07-23 22:28:14');
INSERT INTO `services` VALUES (1411, 63, '2020-03-28', '2023-01-16 09:16:02', '2001-04-12 07:44:23');
INSERT INTO `services` VALUES (1412, 31, '2020-05-25', '2001-10-08 19:46:47', '2006-06-25 08:46:08');
INSERT INTO `services` VALUES (1413, 92, '2021-10-08', '2002-09-17 19:37:58', '2008-06-23 01:14:02');
INSERT INTO `services` VALUES (1414, 36, '2018-12-12', '2017-08-18 17:03:31', '2017-02-17 02:14:23');
INSERT INTO `services` VALUES (1415, 56, '2019-04-17', '2015-12-21 07:05:58', '2006-05-05 16:16:18');
INSERT INTO `services` VALUES (1416, 94, '2019-05-09', '2014-02-17 19:36:04', '2008-01-03 12:53:18');
INSERT INTO `services` VALUES (1417, 95, '2022-05-08', '2001-05-04 16:37:57', '2007-08-13 16:19:31');
INSERT INTO `services` VALUES (1418, 82, '2022-02-06', '2009-06-11 05:56:57', '2004-12-14 06:41:08');
INSERT INTO `services` VALUES (1419, 21, '2019-03-29', '2001-10-29 17:22:32', '2015-10-27 17:59:06');
INSERT INTO `services` VALUES (1420, 22, '2021-09-25', '2022-11-21 20:58:34', '2020-04-15 10:51:31');
INSERT INTO `services` VALUES (1421, 61, '2021-08-12', '2019-08-04 00:12:53', '2011-08-01 19:48:45');
INSERT INTO `services` VALUES (1422, 38, '2019-09-24', '2017-08-01 19:42:32', '2003-06-08 22:40:23');
INSERT INTO `services` VALUES (1423, 69, '2019-12-26', '2006-07-28 04:29:36', '2004-02-04 02:46:55');
INSERT INTO `services` VALUES (1424, 100, '2019-06-02', '2001-10-28 11:37:13', '2001-11-25 11:46:23');
INSERT INTO `services` VALUES (1425, 19, '2022-12-08', '2005-05-10 07:59:18', '2014-06-11 14:27:48');
INSERT INTO `services` VALUES (1426, 64, '2020-02-28', '2009-09-28 10:41:32', '2001-09-16 20:14:04');
INSERT INTO `services` VALUES (1427, 54, '2023-01-24', '2020-11-01 11:52:40', '2010-03-27 07:49:21');
INSERT INTO `services` VALUES (1428, 12, '2022-05-14', '2014-04-30 23:35:09', '2019-01-22 20:16:21');
INSERT INTO `services` VALUES (1429, 90, '2022-07-31', '2002-08-07 07:33:58', '2022-05-02 17:11:20');
INSERT INTO `services` VALUES (1430, 23, '2019-05-10', '2005-11-02 05:17:00', '2017-02-27 15:15:39');
INSERT INTO `services` VALUES (1431, 55, '2019-11-21', '2003-10-14 23:30:22', '2007-11-20 05:48:40');
INSERT INTO `services` VALUES (1432, 38, '2021-11-25', '2022-10-24 07:24:22', '2008-08-08 19:53:40');
INSERT INTO `services` VALUES (1433, 88, '2020-08-22', '2012-05-31 05:44:32', '2006-06-29 14:02:52');
INSERT INTO `services` VALUES (1434, 19, '2019-06-03', '2006-10-01 18:17:19', '2002-08-22 00:51:12');
INSERT INTO `services` VALUES (1435, 47, '2020-11-22', '2023-02-18 05:01:26', '2022-12-10 05:05:15');
INSERT INTO `services` VALUES (1436, 63, '2020-06-14', '2010-02-17 06:07:52', '2016-11-03 06:35:21');
INSERT INTO `services` VALUES (1437, 42, '2021-07-21', '2012-08-28 23:45:08', '2006-10-01 16:26:39');
INSERT INTO `services` VALUES (1438, 63, '2022-10-26', '2022-03-06 18:58:38', '2017-06-02 01:27:51');
INSERT INTO `services` VALUES (1439, 44, '2018-06-07', '2022-11-10 01:41:11', '2000-07-02 09:28:34');
INSERT INTO `services` VALUES (1440, 46, '2021-09-15', '2017-05-16 00:10:37', '2022-02-16 01:06:01');
INSERT INTO `services` VALUES (1441, 32, '2023-01-10', '2006-01-08 17:38:50', '2006-07-15 03:09:59');
INSERT INTO `services` VALUES (1442, 87, '2019-06-15', '2000-07-26 00:33:09', '2009-06-13 18:38:24');
INSERT INTO `services` VALUES (1443, 11, '2019-06-14', '2000-10-06 03:56:53', '2022-02-08 16:59:48');
INSERT INTO `services` VALUES (1444, 69, '2020-01-21', '2019-09-17 09:48:32', '2016-08-05 11:32:56');
INSERT INTO `services` VALUES (1445, 84, '2020-05-11', '2006-10-01 17:02:55', '2004-08-17 07:50:35');
INSERT INTO `services` VALUES (1446, 69, '2019-08-10', '2006-10-25 14:48:45', '2001-10-15 23:45:30');
INSERT INTO `services` VALUES (1447, 3, '2020-03-07', '2005-09-13 18:45:52', '2010-10-03 12:58:56');
INSERT INTO `services` VALUES (1448, 92, '2022-08-10', '2010-09-06 05:10:47', '2012-06-28 04:06:57');
INSERT INTO `services` VALUES (1449, 56, '2021-01-04', '2007-08-08 15:16:16', '2019-04-28 02:43:45');
INSERT INTO `services` VALUES (1450, 56, '2023-03-15', '2000-12-31 14:58:20', '2019-12-02 17:28:59');
INSERT INTO `services` VALUES (1451, 18, '2020-12-29', '2014-12-02 06:54:32', '2004-05-06 20:52:37');
INSERT INTO `services` VALUES (1452, 6, '2018-12-01', '2020-04-09 06:42:06', '2022-02-16 11:09:17');
INSERT INTO `services` VALUES (1453, 58, '2018-02-26', '2003-06-29 04:11:53', '2008-12-24 06:29:11');
INSERT INTO `services` VALUES (1454, 42, '2022-01-02', '2013-04-25 06:22:56', '2022-07-23 16:57:25');
INSERT INTO `services` VALUES (1455, 59, '2020-05-02', '2022-04-15 12:47:33', '2000-06-22 00:21:21');
INSERT INTO `services` VALUES (1456, 56, '2022-11-08', '2020-06-18 21:42:08', '2017-03-06 10:38:34');
INSERT INTO `services` VALUES (1457, 26, '2018-10-11', '2000-04-17 13:30:39', '2022-08-26 11:08:31');
INSERT INTO `services` VALUES (1458, 70, '2022-09-16', '2006-04-15 04:52:39', '2015-09-28 08:23:57');
INSERT INTO `services` VALUES (1459, 66, '2018-03-22', '2005-01-14 19:34:08', '2018-03-02 09:48:18');
INSERT INTO `services` VALUES (1460, 88, '2018-05-20', '2019-09-14 09:40:08', '2002-06-17 15:50:29');
INSERT INTO `services` VALUES (1461, 65, '2019-07-11', '2014-06-15 14:23:50', '2016-09-01 08:29:31');
INSERT INTO `services` VALUES (1462, 11, '2019-01-23', '2000-03-27 15:45:05', '2005-04-01 19:33:13');
INSERT INTO `services` VALUES (1463, 60, '2020-06-19', '2005-03-07 00:46:54', '2006-11-07 07:58:12');
INSERT INTO `services` VALUES (1464, 39, '2023-02-04', '2016-04-03 07:05:30', '2004-07-13 02:49:39');
INSERT INTO `services` VALUES (1465, 29, '2019-03-12', '2005-03-11 08:50:13', '2003-12-19 08:43:14');
INSERT INTO `services` VALUES (1466, 98, '2018-01-10', '2023-02-20 23:25:58', '2019-03-23 03:04:21');
INSERT INTO `services` VALUES (1467, 56, '2022-01-19', '2019-12-06 10:51:20', '2022-09-29 12:26:37');
INSERT INTO `services` VALUES (1468, 76, '2019-07-19', '2016-01-04 06:26:41', '2016-05-19 21:53:52');
INSERT INTO `services` VALUES (1469, 41, '2020-12-06', '2013-05-31 15:56:36', '2009-05-26 13:24:55');
INSERT INTO `services` VALUES (1470, 63, '2020-03-02', '2022-09-06 21:19:45', '2022-02-02 21:03:53');
INSERT INTO `services` VALUES (1471, 89, '2019-04-05', '2007-04-04 07:18:57', '2012-03-14 01:02:25');
INSERT INTO `services` VALUES (1472, 23, '2020-10-20', '2005-08-15 20:15:12', '2017-12-21 19:52:23');
INSERT INTO `services` VALUES (1473, 23, '2019-07-07', '2013-07-17 19:56:44', '2016-11-30 00:20:01');
INSERT INTO `services` VALUES (1474, 64, '2020-02-25', '2003-05-21 09:49:41', '2016-09-06 18:08:31');
INSERT INTO `services` VALUES (1475, 15, '2022-08-13', '2002-06-26 03:07:04', '2002-07-31 20:26:09');
INSERT INTO `services` VALUES (1476, 41, '2021-10-10', '2017-02-24 15:13:24', '2007-01-15 18:29:24');
INSERT INTO `services` VALUES (1477, 34, '2021-07-29', '2021-03-25 01:18:42', '2015-03-08 23:37:22');
INSERT INTO `services` VALUES (1478, 56, '2022-03-08', '2009-12-24 12:39:21', '2004-08-26 19:40:20');
INSERT INTO `services` VALUES (1479, 4, '2021-02-26', '2008-05-29 14:16:23', '2013-09-24 23:53:58');
INSERT INTO `services` VALUES (1480, 42, '2020-08-16', '2016-09-01 17:32:07', '2004-01-15 15:33:26');
INSERT INTO `services` VALUES (1481, 23, '2018-04-24', '2021-02-14 12:49:41', '2019-12-03 14:10:45');
INSERT INTO `services` VALUES (1482, 79, '2019-04-15', '2022-02-26 01:51:28', '2013-09-05 05:34:15');
INSERT INTO `services` VALUES (1483, 1, '2020-09-30', '2000-01-10 19:04:02', '2009-07-29 08:55:36');
INSERT INTO `services` VALUES (1484, 91, '2020-01-10', '2009-10-10 23:55:02', '2022-02-11 12:59:20');
INSERT INTO `services` VALUES (1485, 75, '2018-03-05', '2012-09-12 23:18:27', '2020-04-05 11:39:35');
INSERT INTO `services` VALUES (1486, 54, '2019-02-27', '2006-11-03 12:20:51', '2016-06-16 13:51:41');
INSERT INTO `services` VALUES (1487, 58, '2021-04-18', '2000-07-27 19:22:39', '2016-07-09 21:04:44');
INSERT INTO `services` VALUES (1488, 75, '2020-08-03', '2006-09-08 11:30:43', '2002-03-04 14:34:02');
INSERT INTO `services` VALUES (1489, 69, '2022-08-03', '2022-09-08 02:45:05', '2004-01-26 00:31:23');
INSERT INTO `services` VALUES (1490, 67, '2022-08-19', '2009-08-26 19:21:45', '2008-07-06 12:51:59');
INSERT INTO `services` VALUES (1491, 38, '2021-05-20', '2021-08-03 15:35:47', '2012-09-30 22:32:26');
INSERT INTO `services` VALUES (1492, 1, '2022-06-29', '2012-12-20 01:57:19', '2013-11-15 04:29:47');
INSERT INTO `services` VALUES (1493, 35, '2021-04-06', '2022-11-27 07:20:12', '2008-08-14 14:45:00');
INSERT INTO `services` VALUES (1494, 47, '2023-03-14', '2020-03-17 16:15:02', '2005-08-11 14:12:36');
INSERT INTO `services` VALUES (1495, 18, '2020-07-22', '2012-12-28 00:26:53', '2008-04-22 18:47:01');
INSERT INTO `services` VALUES (1496, 79, '2022-10-09', '2006-09-15 19:18:18', '2013-06-22 09:00:14');
INSERT INTO `services` VALUES (1497, 40, '2019-03-17', '2012-05-24 23:14:14', '2014-11-08 02:09:40');
INSERT INTO `services` VALUES (1498, 1, '2020-02-01', '2018-09-21 12:52:35', '2016-04-21 22:56:37');
INSERT INTO `services` VALUES (1499, 87, '2021-12-31', '2006-04-10 01:02:31', '2001-12-23 05:15:57');
INSERT INTO `services` VALUES (1500, 85, '2022-05-18', '2001-07-26 19:29:52', '2005-10-18 19:07:54');
INSERT INTO `services` VALUES (1501, 71, '2022-03-19', '2010-03-30 12:57:04', '2018-11-23 04:27:05');
INSERT INTO `services` VALUES (1502, 44, '2019-03-15', '2013-04-26 22:56:34', '2010-09-11 07:42:04');
INSERT INTO `services` VALUES (1503, 49, '2018-03-03', '2000-01-06 13:05:22', '2003-06-10 02:52:44');
INSERT INTO `services` VALUES (1504, 64, '2018-09-01', '2014-11-28 21:20:40', '2009-04-11 23:57:41');
INSERT INTO `services` VALUES (1505, 25, '2019-01-10', '2002-08-08 06:41:21', '2009-11-08 07:28:03');
INSERT INTO `services` VALUES (1506, 67, '2022-02-26', '2013-02-23 14:21:21', '2017-03-29 20:25:38');
INSERT INTO `services` VALUES (1507, 49, '2018-01-04', '2018-07-08 12:53:06', '2013-11-17 06:06:46');
INSERT INTO `services` VALUES (1508, 52, '2021-08-05', '2006-12-18 23:18:16', '2011-06-27 01:03:44');
INSERT INTO `services` VALUES (1509, 17, '2018-04-27', '2019-01-26 17:48:00', '2021-03-26 08:43:25');
INSERT INTO `services` VALUES (1510, 22, '2021-10-19', '2002-03-11 15:09:26', '2000-10-26 04:11:37');
INSERT INTO `services` VALUES (1511, 59, '2021-06-28', '2013-02-16 21:52:25', '2009-08-29 03:43:58');
INSERT INTO `services` VALUES (1512, 69, '2018-07-25', '2010-11-28 07:10:34', '2001-12-21 21:30:57');
INSERT INTO `services` VALUES (1513, 7, '2019-09-24', '2001-11-27 14:52:53', '2008-06-23 22:50:25');
INSERT INTO `services` VALUES (1514, 48, '2021-11-07', '2022-02-20 18:10:59', '2006-01-22 23:52:36');
INSERT INTO `services` VALUES (1515, 79, '2022-12-23', '2014-07-24 22:42:57', '2018-05-05 22:58:49');
INSERT INTO `services` VALUES (1516, 66, '2018-01-14', '2003-02-17 20:06:49', '2004-11-13 05:56:48');
INSERT INTO `services` VALUES (1517, 38, '2019-06-14', '2021-02-25 01:23:46', '2014-12-18 18:01:02');
INSERT INTO `services` VALUES (1518, 61, '2019-04-11', '2022-09-01 20:48:06', '2006-10-24 10:17:06');
INSERT INTO `services` VALUES (1519, 27, '2021-06-07', '2000-05-07 18:40:02', '2004-04-09 23:02:07');
INSERT INTO `services` VALUES (1520, 30, '2021-05-23', '2004-10-21 18:23:39', '2013-03-25 12:41:22');
INSERT INTO `services` VALUES (1521, 42, '2018-11-22', '2017-01-31 09:34:11', '2005-04-23 21:43:39');
INSERT INTO `services` VALUES (1522, 4, '2022-04-10', '2015-08-28 22:36:08', '2019-06-06 06:22:57');
INSERT INTO `services` VALUES (1523, 23, '2021-03-24', '2017-02-05 22:47:47', '2011-09-10 04:36:03');
INSERT INTO `services` VALUES (1524, 11, '2019-09-20', '2018-08-03 09:16:44', '2009-05-28 23:13:38');
INSERT INTO `services` VALUES (1525, 88, '2022-02-25', '2002-07-12 02:18:05', '2001-08-18 08:02:33');
INSERT INTO `services` VALUES (1526, 47, '2022-09-04', '2011-04-16 04:12:50', '2016-07-31 22:37:23');
INSERT INTO `services` VALUES (1527, 31, '2018-03-23', '2010-09-13 06:20:04', '2014-08-19 13:36:51');
INSERT INTO `services` VALUES (1528, 84, '2019-09-03', '2008-05-22 07:02:05', '2011-06-22 13:31:40');
INSERT INTO `services` VALUES (1529, 95, '2019-09-22', '2008-05-14 18:17:27', '2014-05-29 11:06:21');
INSERT INTO `services` VALUES (1530, 27, '2021-10-16', '2008-06-25 14:03:36', '2010-11-08 20:10:14');
INSERT INTO `services` VALUES (1531, 64, '2019-08-11', '2008-07-05 14:11:41', '2016-09-02 07:12:43');
INSERT INTO `services` VALUES (1532, 57, '2023-01-28', '2014-09-25 04:53:57', '2010-01-30 11:02:14');
INSERT INTO `services` VALUES (1533, 49, '2023-02-17', '2002-09-27 23:49:51', '2011-01-19 19:00:15');
INSERT INTO `services` VALUES (1534, 73, '2019-07-24', '2008-02-18 19:14:55', '2023-03-04 17:04:01');
INSERT INTO `services` VALUES (1535, 26, '2020-05-12', '2002-05-18 07:59:03', '2008-02-04 18:32:27');
INSERT INTO `services` VALUES (1536, 46, '2020-07-11', '2004-05-18 10:52:51', '2013-06-27 04:13:13');
INSERT INTO `services` VALUES (1537, 43, '2019-05-31', '2019-08-03 14:53:31', '2003-11-20 04:03:47');
INSERT INTO `services` VALUES (1538, 76, '2021-03-02', '2007-07-25 07:42:00', '2010-02-25 04:27:13');
INSERT INTO `services` VALUES (1539, 11, '2020-10-27', '2018-05-11 19:13:14', '2013-04-04 22:24:31');
INSERT INTO `services` VALUES (1540, 67, '2022-12-25', '2003-12-02 12:59:40', '2010-07-01 08:46:49');
INSERT INTO `services` VALUES (1541, 16, '2023-01-20', '2011-05-07 13:22:58', '2013-08-27 06:55:52');
INSERT INTO `services` VALUES (1542, 84, '2018-02-20', '2002-01-26 20:05:57', '2021-02-22 08:35:33');
INSERT INTO `services` VALUES (1543, 100, '2018-10-17', '2004-06-03 15:13:28', '2001-07-06 16:48:56');
INSERT INTO `services` VALUES (1544, 86, '2021-07-16', '2020-08-09 02:09:15', '2021-06-23 01:44:22');
INSERT INTO `services` VALUES (1545, 31, '2018-09-26', '2006-10-24 23:55:12', '2023-02-16 05:07:33');
INSERT INTO `services` VALUES (1546, 15, '2018-06-05', '2009-09-16 01:48:30', '2007-08-06 18:01:41');
INSERT INTO `services` VALUES (1547, 4, '2020-02-27', '2011-01-20 04:47:57', '2004-04-16 09:02:11');
INSERT INTO `services` VALUES (1548, 69, '2020-04-06', '2021-10-08 17:12:11', '2000-02-16 13:54:10');
INSERT INTO `services` VALUES (1549, 12, '2018-04-03', '2011-04-19 12:35:48', '2005-05-11 21:40:25');
INSERT INTO `services` VALUES (1550, 42, '2020-09-21', '2011-01-06 16:25:58', '2017-02-06 22:55:37');
INSERT INTO `services` VALUES (1551, 9, '2021-04-19', '2021-11-10 22:10:22', '2005-07-14 18:56:18');
INSERT INTO `services` VALUES (1552, 29, '2021-09-14', '2008-11-21 00:26:36', '2010-02-10 17:23:03');
INSERT INTO `services` VALUES (1553, 43, '2020-09-14', '2019-10-02 09:27:19', '2010-01-18 18:09:38');
INSERT INTO `services` VALUES (1554, 81, '2021-02-14', '2001-04-17 01:47:51', '2011-08-22 15:18:30');
INSERT INTO `services` VALUES (1555, 35, '2022-05-12', '2009-11-08 18:25:46', '2000-05-12 05:38:24');
INSERT INTO `services` VALUES (1556, 86, '2018-12-20', '2012-12-28 03:53:36', '2020-08-03 00:21:56');
INSERT INTO `services` VALUES (1557, 39, '2018-05-23', '2003-12-13 03:51:53', '2005-08-03 13:26:44');
INSERT INTO `services` VALUES (1558, 70, '2023-01-27', '2004-05-19 00:51:51', '2010-02-26 16:08:19');
INSERT INTO `services` VALUES (1559, 25, '2018-01-29', '2014-01-26 08:24:02', '2010-08-27 08:57:59');
INSERT INTO `services` VALUES (1560, 25, '2021-09-02', '2011-01-25 00:41:08', '2014-03-07 22:57:24');
INSERT INTO `services` VALUES (1561, 26, '2019-09-16', '2008-12-03 05:53:50', '2015-07-04 19:10:35');
INSERT INTO `services` VALUES (1562, 19, '2021-06-02', '2017-01-01 08:48:39', '2018-10-05 08:51:28');
INSERT INTO `services` VALUES (1563, 39, '2021-12-03', '2017-06-20 10:21:25', '2017-03-15 06:03:43');
INSERT INTO `services` VALUES (1564, 81, '2020-08-22', '2014-09-15 20:27:44', '2021-10-21 21:02:43');
INSERT INTO `services` VALUES (1565, 19, '2018-08-08', '2013-12-13 12:09:20', '2013-07-12 05:17:35');
INSERT INTO `services` VALUES (1566, 10, '2021-05-29', '2018-08-03 15:05:33', '2010-12-21 08:24:52');
INSERT INTO `services` VALUES (1567, 21, '2022-09-11', '2006-05-25 19:38:41', '2019-10-23 21:39:28');
INSERT INTO `services` VALUES (1568, 43, '2020-09-26', '2002-01-03 07:32:14', '2010-09-23 12:14:47');
INSERT INTO `services` VALUES (1569, 60, '2021-10-02', '2017-11-21 18:34:20', '2001-07-23 07:45:24');
INSERT INTO `services` VALUES (1570, 97, '2018-01-03', '2007-07-31 16:58:09', '2013-08-04 18:37:36');
INSERT INTO `services` VALUES (1571, 19, '2021-11-08', '2001-09-11 10:48:27', '2020-03-15 18:47:15');
INSERT INTO `services` VALUES (1572, 25, '2020-01-10', '2016-07-09 02:31:52', '2004-08-28 01:06:48');
INSERT INTO `services` VALUES (1573, 40, '2020-10-23', '2018-07-11 08:34:34', '2004-06-27 01:24:15');
INSERT INTO `services` VALUES (1574, 90, '2022-05-30', '2002-09-04 19:12:25', '2016-11-08 11:36:44');
INSERT INTO `services` VALUES (1575, 71, '2019-11-04', '2018-07-14 07:23:40', '2003-08-08 14:47:37');
INSERT INTO `services` VALUES (1576, 58, '2022-10-23', '2007-07-25 01:30:23', '2009-11-03 23:10:09');
INSERT INTO `services` VALUES (1577, 27, '2019-11-07', '2017-05-31 06:29:22', '2021-07-20 03:16:03');
INSERT INTO `services` VALUES (1578, 85, '2019-10-25', '2016-03-29 01:34:27', '2007-05-20 04:01:00');
INSERT INTO `services` VALUES (1579, 60, '2018-09-13', '2010-08-10 16:11:45', '2019-03-13 16:14:52');
INSERT INTO `services` VALUES (1580, 40, '2020-03-19', '2020-05-04 08:12:58', '2013-06-20 23:37:11');
INSERT INTO `services` VALUES (1581, 12, '2023-01-05', '2015-11-17 08:57:12', '2012-06-13 16:51:01');
INSERT INTO `services` VALUES (1582, 51, '2020-04-24', '2002-08-16 04:53:25', '2004-01-29 11:01:07');
INSERT INTO `services` VALUES (1583, 60, '2021-01-15', '2018-03-16 13:15:18', '2007-04-13 08:45:13');
INSERT INTO `services` VALUES (1584, 19, '2019-10-05', '2007-11-17 07:39:28', '2018-10-08 22:24:00');
INSERT INTO `services` VALUES (1585, 77, '2023-01-29', '2003-04-14 10:06:15', '2011-03-13 17:47:14');
INSERT INTO `services` VALUES (1586, 49, '2021-04-29', '2022-09-17 05:29:07', '2021-12-30 09:44:04');
INSERT INTO `services` VALUES (1587, 79, '2018-02-04', '2015-10-08 05:32:16', '2020-06-21 21:12:32');
INSERT INTO `services` VALUES (1588, 13, '2021-11-06', '2021-11-16 21:31:15', '2011-04-25 14:45:47');
INSERT INTO `services` VALUES (1589, 45, '2020-01-16', '2004-12-09 16:21:54', '2014-05-29 10:36:15');
INSERT INTO `services` VALUES (1590, 69, '2019-10-03', '2019-05-13 20:54:08', '2007-10-03 13:45:10');
INSERT INTO `services` VALUES (1591, 50, '2021-03-23', '2009-09-14 02:20:26', '2008-12-24 23:58:50');
INSERT INTO `services` VALUES (1592, 84, '2020-01-26', '2008-06-22 23:50:35', '2021-05-04 10:47:38');
INSERT INTO `services` VALUES (1593, 48, '2020-04-06', '2021-10-25 13:17:29', '2018-11-19 21:21:17');
INSERT INTO `services` VALUES (1594, 60, '2021-05-27', '2006-10-31 00:48:40', '2001-01-30 09:03:24');
INSERT INTO `services` VALUES (1595, 91, '2020-04-09', '2000-02-19 03:55:58', '2013-02-26 05:48:37');
INSERT INTO `services` VALUES (1596, 57, '2018-02-02', '2021-12-25 15:01:58', '2012-11-22 06:58:08');
INSERT INTO `services` VALUES (1597, 78, '2020-07-14', '2014-04-06 09:25:04', '2000-10-22 05:53:26');
INSERT INTO `services` VALUES (1598, 20, '2019-02-02', '2010-05-24 14:20:42', '2010-07-19 06:01:51');
INSERT INTO `services` VALUES (1599, 33, '2020-03-13', '2006-10-02 00:40:37', '2018-07-11 10:36:38');
INSERT INTO `services` VALUES (1600, 5, '2020-09-22', '2007-01-05 12:02:08', '2015-05-20 10:18:24');
INSERT INTO `services` VALUES (1601, 63, '2020-07-12', '2016-08-14 00:04:17', '2015-04-14 05:19:47');
INSERT INTO `services` VALUES (1602, 88, '2020-04-29', '2013-06-12 04:25:17', '2014-01-18 23:28:34');
INSERT INTO `services` VALUES (1603, 38, '2022-12-30', '2012-10-11 00:53:13', '2015-03-08 23:28:22');
INSERT INTO `services` VALUES (1604, 58, '2022-03-17', '2006-08-03 14:55:49', '2012-05-30 12:21:33');
INSERT INTO `services` VALUES (1605, 43, '2020-05-15', '2019-10-25 07:25:48', '2011-01-25 23:13:59');
INSERT INTO `services` VALUES (1606, 11, '2020-08-13', '2019-10-02 13:31:44', '2010-09-07 15:52:14');
INSERT INTO `services` VALUES (1607, 24, '2022-04-26', '2004-06-19 16:24:45', '2006-05-31 15:43:08');
INSERT INTO `services` VALUES (1608, 19, '2019-04-13', '2015-04-13 12:01:15', '2005-12-14 03:21:13');
INSERT INTO `services` VALUES (1609, 98, '2019-07-28', '2019-03-13 09:17:24', '2004-07-15 18:53:19');
INSERT INTO `services` VALUES (1610, 85, '2018-06-03', '2016-06-25 14:54:14', '2019-06-30 23:52:01');
INSERT INTO `services` VALUES (1611, 34, '2021-02-19', '2001-09-06 03:27:47', '2015-10-30 21:27:38');
INSERT INTO `services` VALUES (1612, 9, '2018-10-04', '2011-05-20 15:01:42', '2013-11-29 19:12:38');
INSERT INTO `services` VALUES (1613, 2, '2018-01-30', '2011-10-18 22:58:07', '2017-08-30 23:37:54');
INSERT INTO `services` VALUES (1614, 17, '2022-04-10', '2007-01-29 04:33:13', '2016-12-18 07:15:48');
INSERT INTO `services` VALUES (1615, 27, '2021-05-20', '2002-02-07 21:29:33', '2012-10-31 19:29:07');
INSERT INTO `services` VALUES (1616, 86, '2018-05-30', '2017-01-18 21:48:31', '2020-07-26 11:13:42');
INSERT INTO `services` VALUES (1617, 98, '2019-07-04', '2011-09-24 17:46:53', '2021-04-19 23:24:46');
INSERT INTO `services` VALUES (1618, 38, '2019-04-30', '2013-04-24 23:28:13', '2020-07-18 23:25:49');
INSERT INTO `services` VALUES (1619, 67, '2023-02-08', '2005-07-06 05:37:48', '2010-02-01 09:09:00');
INSERT INTO `services` VALUES (1620, 40, '2019-10-11', '2016-02-03 11:59:28', '2017-01-15 21:42:05');
INSERT INTO `services` VALUES (1621, 99, '2019-03-30', '2003-07-16 13:07:16', '2012-02-07 07:45:03');
INSERT INTO `services` VALUES (1622, 75, '2021-02-13', '2014-12-03 09:09:18', '2002-12-07 12:52:26');
INSERT INTO `services` VALUES (1623, 53, '2020-08-23', '2020-07-05 19:53:25', '2002-06-20 00:08:47');
INSERT INTO `services` VALUES (1624, 47, '2021-01-10', '2000-11-07 02:46:27', '2010-02-14 07:33:43');
INSERT INTO `services` VALUES (1625, 63, '2019-06-27', '2005-11-04 00:29:05', '2008-10-21 06:37:16');
INSERT INTO `services` VALUES (1626, 93, '2018-02-26', '2011-02-23 23:01:05', '2001-12-03 10:35:19');
INSERT INTO `services` VALUES (1627, 59, '2020-10-25', '2017-04-22 03:15:24', '2004-11-07 08:11:15');
INSERT INTO `services` VALUES (1628, 12, '2020-04-23', '2002-12-01 03:29:27', '2015-12-04 08:01:18');
INSERT INTO `services` VALUES (1629, 94, '2022-02-27', '2009-07-13 19:04:55', '2022-06-05 05:39:25');
INSERT INTO `services` VALUES (1630, 87, '2018-07-17', '2017-04-20 01:12:26', '2001-02-05 15:52:41');
INSERT INTO `services` VALUES (1631, 100, '2021-09-14', '2009-11-10 01:32:00', '2004-06-12 11:19:09');
INSERT INTO `services` VALUES (1632, 71, '2022-11-06', '2007-08-25 01:52:11', '2016-08-24 18:20:05');
INSERT INTO `services` VALUES (1633, 29, '2022-06-02', '2010-01-04 04:02:48', '2015-02-06 00:29:40');
INSERT INTO `services` VALUES (1634, 10, '2023-01-19', '2014-05-01 11:36:07', '2008-04-26 23:48:23');
INSERT INTO `services` VALUES (1635, 82, '2018-07-05', '2008-06-03 21:54:09', '2008-05-23 18:49:09');
INSERT INTO `services` VALUES (1636, 40, '2019-01-05', '2015-09-27 14:03:23', '2008-04-01 18:56:30');
INSERT INTO `services` VALUES (1637, 77, '2021-09-29', '2011-12-14 22:47:17', '2000-03-26 09:12:44');
INSERT INTO `services` VALUES (1638, 23, '2020-05-12', '2021-08-04 21:35:46', '2000-11-22 20:00:42');
INSERT INTO `services` VALUES (1639, 2, '2019-02-28', '2006-10-28 10:37:30', '2004-10-18 20:07:58');
INSERT INTO `services` VALUES (1640, 85, '2021-08-25', '2022-12-08 04:50:41', '2011-09-30 07:43:14');
INSERT INTO `services` VALUES (1641, 2, '2020-02-06', '2010-06-23 19:17:34', '2013-07-27 09:17:39');
INSERT INTO `services` VALUES (1642, 23, '2021-06-19', '2013-07-06 18:28:21', '2011-07-31 13:42:02');
INSERT INTO `services` VALUES (1643, 23, '2018-05-17', '2019-05-11 16:26:03', '2001-03-06 08:43:05');
INSERT INTO `services` VALUES (1644, 94, '2021-04-24', '2009-03-04 18:33:12', '2008-05-06 03:33:52');
INSERT INTO `services` VALUES (1645, 64, '2021-12-17', '2003-05-22 15:06:31', '2012-12-23 15:57:49');
INSERT INTO `services` VALUES (1646, 32, '2018-05-04', '2019-07-27 12:18:41', '2020-10-24 00:57:33');
INSERT INTO `services` VALUES (1647, 98, '2022-11-11', '2005-07-24 12:33:45', '2013-06-19 17:40:20');
INSERT INTO `services` VALUES (1648, 69, '2020-09-07', '2006-02-05 11:46:23', '2008-10-04 16:58:21');
INSERT INTO `services` VALUES (1649, 92, '2019-01-30', '2017-11-20 09:56:17', '2007-12-29 19:14:08');
INSERT INTO `services` VALUES (1650, 85, '2020-03-10', '2002-06-23 23:33:14', '2006-02-26 21:42:38');
INSERT INTO `services` VALUES (1651, 95, '2019-02-23', '2010-02-22 06:28:09', '2003-06-17 08:15:16');
INSERT INTO `services` VALUES (1652, 35, '2022-04-17', '2009-09-06 05:11:18', '2016-07-11 01:36:04');
INSERT INTO `services` VALUES (1653, 37, '2021-01-23', '2000-01-16 15:55:27', '2009-07-05 09:29:51');
INSERT INTO `services` VALUES (1654, 82, '2022-09-08', '2021-08-20 09:48:21', '2007-06-27 18:23:10');
INSERT INTO `services` VALUES (1655, 70, '2019-03-03', '2018-05-10 21:45:29', '2013-08-31 17:15:11');
INSERT INTO `services` VALUES (1656, 13, '2021-09-18', '2000-12-30 17:23:33', '2015-03-29 18:24:34');
INSERT INTO `services` VALUES (1657, 35, '2020-07-10', '2009-01-24 22:14:40', '2006-09-25 17:16:25');
INSERT INTO `services` VALUES (1658, 12, '2020-02-02', '2000-10-02 16:05:38', '2014-09-28 12:27:12');
INSERT INTO `services` VALUES (1659, 78, '2022-01-02', '2018-12-03 21:28:43', '2002-09-05 20:33:24');
INSERT INTO `services` VALUES (1660, 36, '2022-03-06', '2008-02-09 22:03:00', '2006-11-12 08:01:50');
INSERT INTO `services` VALUES (1661, 75, '2023-02-21', '2023-03-22 02:51:55', '2004-07-12 17:53:36');
INSERT INTO `services` VALUES (1662, 8, '2021-09-13', '2018-01-14 11:04:37', '2002-11-08 22:32:53');
INSERT INTO `services` VALUES (1663, 59, '2021-10-15', '2001-07-03 08:14:38', '2006-07-24 10:37:58');
INSERT INTO `services` VALUES (1664, 7, '2021-05-13', '2005-10-06 23:46:57', '2005-04-25 16:09:29');
INSERT INTO `services` VALUES (1665, 50, '2018-11-19', '2007-08-26 18:42:06', '2005-09-30 01:42:44');
INSERT INTO `services` VALUES (1666, 73, '2019-06-15', '2008-01-20 21:40:11', '2022-02-19 19:08:15');
INSERT INTO `services` VALUES (1667, 6, '2023-01-03', '2007-10-01 08:48:35', '2006-07-06 07:00:05');
INSERT INTO `services` VALUES (1668, 62, '2018-03-01', '2022-11-16 02:11:24', '2000-10-22 18:16:42');
INSERT INTO `services` VALUES (1669, 48, '2019-09-30', '2006-03-23 12:14:41', '2001-05-06 00:21:58');
INSERT INTO `services` VALUES (1670, 25, '2021-11-29', '2006-03-08 16:18:32', '2016-03-29 00:09:18');
INSERT INTO `services` VALUES (1671, 66, '2019-11-19', '2008-09-29 10:21:22', '2022-12-05 00:33:31');
INSERT INTO `services` VALUES (1672, 90, '2022-07-25', '2016-04-24 17:51:38', '2022-06-24 13:17:35');
INSERT INTO `services` VALUES (1673, 73, '2022-11-07', '2013-04-02 01:37:05', '2012-12-14 12:57:53');
INSERT INTO `services` VALUES (1674, 69, '2022-05-18', '2010-04-08 20:18:12', '2007-07-22 13:00:10');
INSERT INTO `services` VALUES (1675, 1, '2019-09-04', '2021-07-11 08:30:13', '2004-02-23 14:37:02');
INSERT INTO `services` VALUES (1676, 100, '2018-03-24', '2009-09-13 18:31:27', '2005-02-09 20:00:54');
INSERT INTO `services` VALUES (1677, 89, '2021-12-30', '2005-06-10 00:22:14', '2008-03-02 02:35:17');
INSERT INTO `services` VALUES (1678, 25, '2019-07-18', '2020-10-12 07:43:02', '2022-03-26 17:19:48');
INSERT INTO `services` VALUES (1679, 55, '2018-04-15', '2018-09-04 06:23:47', '2000-06-16 04:17:46');
INSERT INTO `services` VALUES (1680, 9, '2021-09-03', '2005-03-05 04:12:56', '2010-05-04 04:18:25');
INSERT INTO `services` VALUES (1681, 62, '2021-12-30', '2013-11-16 18:24:31', '2012-12-24 13:30:58');
INSERT INTO `services` VALUES (1682, 41, '2019-05-04', '2004-02-19 09:10:39', '2018-11-28 09:05:28');
INSERT INTO `services` VALUES (1683, 60, '2019-06-29', '2016-02-19 18:19:24', '2002-11-05 21:11:06');
INSERT INTO `services` VALUES (1684, 89, '2022-07-22', '2017-12-07 23:40:24', '2012-02-09 11:18:29');
INSERT INTO `services` VALUES (1685, 43, '2018-11-22', '2004-09-28 19:04:06', '2002-02-10 16:26:32');
INSERT INTO `services` VALUES (1686, 46, '2018-12-31', '2017-04-08 10:43:55', '2016-01-02 01:48:34');
INSERT INTO `services` VALUES (1687, 19, '2018-03-09', '2002-02-17 05:31:36', '2020-05-09 14:01:24');
INSERT INTO `services` VALUES (1688, 67, '2018-03-12', '2015-01-12 03:25:38', '2014-06-11 16:54:32');
INSERT INTO `services` VALUES (1689, 96, '2019-05-23', '2001-09-12 20:08:10', '2015-04-30 08:32:57');
INSERT INTO `services` VALUES (1690, 50, '2019-02-01', '2018-08-29 05:19:11', '2002-04-08 11:21:16');
INSERT INTO `services` VALUES (1691, 51, '2018-11-22', '2018-03-07 05:55:23', '2021-06-22 09:23:58');
INSERT INTO `services` VALUES (1692, 50, '2018-02-13', '2021-05-11 14:19:07', '2011-08-20 14:22:21');
INSERT INTO `services` VALUES (1693, 86, '2023-03-22', '2003-11-08 21:46:21', '2017-02-12 17:21:48');
INSERT INTO `services` VALUES (1694, 16, '2019-07-05', '2013-02-13 16:07:12', '2000-03-25 04:08:37');
INSERT INTO `services` VALUES (1695, 71, '2022-06-14', '2002-08-13 21:41:03', '2010-12-29 02:12:34');
INSERT INTO `services` VALUES (1696, 59, '2021-06-15', '2012-02-10 12:38:51', '2022-02-21 23:46:59');
INSERT INTO `services` VALUES (1697, 38, '2020-08-21', '2022-09-27 22:14:54', '2007-08-06 20:36:54');
INSERT INTO `services` VALUES (1698, 64, '2022-10-17', '2010-08-22 00:25:36', '2013-05-31 08:18:44');
INSERT INTO `services` VALUES (1699, 42, '2018-08-30', '2003-06-11 09:51:05', '2000-06-03 10:32:07');
INSERT INTO `services` VALUES (1700, 100, '2022-12-03', '2008-03-10 19:54:29', '2006-09-07 22:35:35');
INSERT INTO `services` VALUES (1701, 89, '2019-11-04', '2013-08-27 16:36:37', '2020-12-21 23:14:18');
INSERT INTO `services` VALUES (1702, 33, '2021-11-11', '2010-03-29 02:35:58', '2017-12-25 15:08:23');
INSERT INTO `services` VALUES (1703, 8, '2019-07-26', '2000-03-05 13:04:19', '2002-11-15 12:35:35');
INSERT INTO `services` VALUES (1704, 34, '2019-03-17', '2011-12-21 08:20:33', '2005-06-18 20:49:46');
INSERT INTO `services` VALUES (1705, 94, '2021-02-26', '2014-07-11 23:48:25', '2003-11-21 16:24:31');
INSERT INTO `services` VALUES (1706, 84, '2022-01-17', '2013-02-03 17:50:21', '2004-02-11 13:04:28');
INSERT INTO `services` VALUES (1707, 43, '2021-04-23', '2012-02-19 03:42:58', '2013-10-25 12:56:53');
INSERT INTO `services` VALUES (1708, 37, '2020-07-15', '2006-09-26 21:16:37', '2012-05-01 12:59:40');
INSERT INTO `services` VALUES (1709, 33, '2023-01-21', '2013-11-23 06:53:23', '2018-02-10 04:56:07');
INSERT INTO `services` VALUES (1710, 4, '2020-08-31', '2022-06-06 07:41:15', '2000-02-01 16:01:56');
INSERT INTO `services` VALUES (1711, 80, '2018-08-22', '2004-09-09 21:31:59', '2014-04-10 23:03:26');
INSERT INTO `services` VALUES (1712, 35, '2019-11-26', '2018-09-19 22:15:56', '2011-03-30 21:22:35');
INSERT INTO `services` VALUES (1713, 99, '2019-10-17', '2006-08-05 04:21:26', '2015-10-20 05:11:17');
INSERT INTO `services` VALUES (1714, 97, '2023-03-06', '2022-09-11 03:06:26', '2017-08-29 14:12:04');
INSERT INTO `services` VALUES (1715, 83, '2021-05-30', '2020-10-09 16:17:54', '2001-12-25 06:39:31');
INSERT INTO `services` VALUES (1716, 13, '2019-08-16', '2003-03-24 05:12:53', '2006-06-04 14:54:13');
INSERT INTO `services` VALUES (1717, 77, '2022-04-13', '2016-03-19 07:17:26', '2012-01-31 00:27:55');
INSERT INTO `services` VALUES (1718, 10, '2022-12-30', '2007-01-02 04:08:13', '2006-10-20 04:30:43');
INSERT INTO `services` VALUES (1719, 88, '2020-12-23', '2018-04-20 20:28:53', '2002-11-06 13:08:24');
INSERT INTO `services` VALUES (1720, 13, '2018-06-24', '2007-06-20 03:39:55', '2017-11-22 07:48:57');
INSERT INTO `services` VALUES (1721, 18, '2020-04-07', '2002-01-21 12:57:04', '2021-10-08 21:13:57');
INSERT INTO `services` VALUES (1722, 47, '2021-03-22', '2014-03-05 09:37:44', '2011-06-25 17:27:58');
INSERT INTO `services` VALUES (1723, 61, '2018-01-26', '2018-11-06 08:28:52', '2020-09-25 20:21:05');
INSERT INTO `services` VALUES (1724, 78, '2021-08-17', '2006-06-08 04:10:18', '2017-11-14 08:21:33');
INSERT INTO `services` VALUES (1725, 6, '2020-06-04', '2012-03-30 08:31:21', '2010-07-08 10:54:03');
INSERT INTO `services` VALUES (1726, 20, '2022-12-10', '2017-04-10 10:46:39', '2014-10-21 01:18:27');
INSERT INTO `services` VALUES (1727, 6, '2021-10-11', '2008-02-25 10:02:08', '2021-06-29 00:44:51');
INSERT INTO `services` VALUES (1728, 80, '2022-04-20', '2015-08-29 13:02:33', '2001-09-22 14:40:49');
INSERT INTO `services` VALUES (1729, 81, '2018-01-04', '2016-07-15 22:05:01', '2012-09-19 13:31:27');
INSERT INTO `services` VALUES (1730, 13, '2021-02-22', '2022-08-23 16:49:00', '2005-09-11 01:47:42');
INSERT INTO `services` VALUES (1731, 6, '2019-03-15', '2022-07-17 22:30:04', '2008-08-31 06:06:29');
INSERT INTO `services` VALUES (1732, 78, '2021-09-12', '2008-02-24 08:40:24', '2023-03-20 00:26:38');
INSERT INTO `services` VALUES (1733, 1, '2021-01-13', '2019-03-16 07:12:57', '2004-07-04 23:09:17');
INSERT INTO `services` VALUES (1734, 48, '2021-01-29', '2021-08-22 05:12:37', '2003-08-29 08:50:12');
INSERT INTO `services` VALUES (1735, 83, '2021-04-06', '2021-05-25 06:58:40', '2012-03-19 05:29:12');
INSERT INTO `services` VALUES (1736, 98, '2021-03-16', '2013-03-04 18:13:46', '2012-11-13 04:52:10');
INSERT INTO `services` VALUES (1737, 60, '2019-04-07', '2005-11-01 00:54:29', '2005-03-12 15:20:35');
INSERT INTO `services` VALUES (1738, 78, '2018-04-25', '2005-10-10 07:48:54', '2019-05-21 04:12:16');
INSERT INTO `services` VALUES (1739, 29, '2020-03-23', '2021-10-08 13:05:08', '2018-05-20 08:23:26');
INSERT INTO `services` VALUES (1740, 35, '2022-01-08', '2012-10-22 18:08:07', '2014-01-05 00:59:33');
INSERT INTO `services` VALUES (1741, 31, '2021-10-04', '2022-07-16 03:44:41', '2000-02-11 11:05:02');
INSERT INTO `services` VALUES (1742, 86, '2023-01-03', '2011-03-25 16:44:32', '2010-11-11 11:09:14');
INSERT INTO `services` VALUES (1743, 31, '2022-07-27', '2014-08-24 22:53:58', '2022-03-15 01:05:19');
INSERT INTO `services` VALUES (1744, 61, '2020-12-31', '2009-07-28 19:13:05', '2002-07-27 07:44:43');
INSERT INTO `services` VALUES (1745, 7, '2019-05-09', '2019-02-13 16:03:14', '2001-10-30 07:31:02');
INSERT INTO `services` VALUES (1746, 36, '2022-09-13', '2005-08-24 08:54:58', '2019-01-12 12:58:42');
INSERT INTO `services` VALUES (1747, 45, '2021-12-26', '2003-01-12 04:22:11', '2011-02-25 21:28:02');
INSERT INTO `services` VALUES (1748, 25, '2019-12-28', '2001-08-06 00:14:40', '2014-02-28 05:03:44');
INSERT INTO `services` VALUES (1749, 34, '2018-12-29', '2000-01-03 08:20:07', '2000-05-25 23:42:17');
INSERT INTO `services` VALUES (1750, 25, '2019-05-04', '2000-06-03 23:08:59', '2007-09-02 17:31:41');
INSERT INTO `services` VALUES (1751, 82, '2022-05-08', '2021-04-22 08:41:52', '2022-05-19 17:17:21');
INSERT INTO `services` VALUES (1752, 73, '2020-07-11', '2010-07-20 16:58:41', '2002-08-04 15:09:33');
INSERT INTO `services` VALUES (1753, 16, '2021-09-21', '2011-08-19 04:43:01', '2010-03-01 13:17:24');
INSERT INTO `services` VALUES (1754, 85, '2020-01-01', '2003-10-23 04:58:12', '2018-07-11 20:13:00');
INSERT INTO `services` VALUES (1755, 27, '2019-09-26', '2003-03-20 00:57:34', '2022-12-21 06:36:53');
INSERT INTO `services` VALUES (1756, 63, '2018-05-19', '2011-05-18 21:09:45', '2005-09-27 23:18:05');
INSERT INTO `services` VALUES (1757, 87, '2019-11-01', '2014-10-08 09:01:48', '2001-05-26 06:40:30');
INSERT INTO `services` VALUES (1758, 96, '2019-01-29', '2014-08-14 19:52:47', '2008-12-08 04:42:36');
INSERT INTO `services` VALUES (1759, 86, '2021-02-03', '2020-02-04 23:29:27', '2003-06-01 22:54:12');
INSERT INTO `services` VALUES (1760, 22, '2021-03-05', '2001-10-04 03:30:39', '2002-10-11 16:58:41');
INSERT INTO `services` VALUES (1761, 61, '2022-02-26', '2002-03-17 04:44:38', '2017-06-18 13:04:20');
INSERT INTO `services` VALUES (1762, 76, '2021-02-27', '2015-04-21 19:12:17', '2009-09-02 01:05:15');
INSERT INTO `services` VALUES (1763, 98, '2022-07-14', '2001-06-09 11:58:25', '2021-11-10 17:26:05');
INSERT INTO `services` VALUES (1764, 81, '2022-04-21', '2015-11-05 09:37:45', '2006-01-24 03:32:09');
INSERT INTO `services` VALUES (1765, 99, '2020-06-30', '2005-09-29 03:59:53', '2002-12-03 06:11:47');
INSERT INTO `services` VALUES (1766, 27, '2018-05-31', '2019-10-27 01:28:40', '2007-01-20 18:27:28');
INSERT INTO `services` VALUES (1767, 22, '2019-11-16', '2010-02-20 01:38:51', '2009-11-05 16:02:05');
INSERT INTO `services` VALUES (1768, 24, '2020-07-27', '2019-11-19 19:19:04', '2000-11-01 12:09:51');
INSERT INTO `services` VALUES (1769, 2, '2020-08-16', '2010-09-23 05:38:19', '2003-04-29 12:58:26');
INSERT INTO `services` VALUES (1770, 26, '2020-07-29', '2001-06-13 02:43:14', '2021-06-18 06:33:36');
INSERT INTO `services` VALUES (1771, 12, '2022-03-20', '2015-02-19 05:20:21', '2006-07-28 08:30:29');
INSERT INTO `services` VALUES (1772, 23, '2018-01-05', '2010-06-11 13:47:35', '2023-01-24 22:11:05');
INSERT INTO `services` VALUES (1773, 80, '2019-12-17', '2009-08-26 13:23:46', '2002-04-15 19:03:42');
INSERT INTO `services` VALUES (1774, 98, '2018-12-11', '2009-12-06 17:55:49', '2014-09-23 13:48:38');
INSERT INTO `services` VALUES (1775, 21, '2022-05-24', '2014-03-15 00:33:27', '2008-05-01 13:16:25');
INSERT INTO `services` VALUES (1776, 94, '2022-03-14', '2004-11-09 10:51:11', '2010-11-06 21:30:18');
INSERT INTO `services` VALUES (1777, 48, '2020-03-26', '2009-06-18 12:04:08', '2000-10-31 16:34:48');
INSERT INTO `services` VALUES (1778, 57, '2020-04-10', '2011-09-11 14:02:24', '2022-03-01 08:52:31');
INSERT INTO `services` VALUES (1779, 5, '2019-11-13', '2011-03-07 03:18:02', '2001-11-04 09:47:17');
INSERT INTO `services` VALUES (1780, 29, '2022-05-27', '2021-04-05 20:49:03', '2020-10-16 03:47:55');
INSERT INTO `services` VALUES (1781, 87, '2019-02-21', '2007-04-10 08:55:09', '2010-11-07 14:19:51');
INSERT INTO `services` VALUES (1782, 76, '2022-09-06', '2015-04-12 12:29:15', '2017-08-25 14:51:01');
INSERT INTO `services` VALUES (1783, 88, '2022-05-22', '2012-10-03 15:42:32', '2021-07-25 23:27:55');
INSERT INTO `services` VALUES (1784, 57, '2019-03-04', '2019-01-08 15:41:50', '2004-02-26 21:15:28');
INSERT INTO `services` VALUES (1785, 100, '2022-05-26', '2011-09-13 12:37:31', '2001-10-25 18:12:29');
INSERT INTO `services` VALUES (1786, 44, '2021-10-06', '2020-04-13 23:35:06', '2013-02-16 03:14:43');
INSERT INTO `services` VALUES (1787, 31, '2021-02-09', '2000-06-16 13:46:09', '2002-02-15 12:08:15');
INSERT INTO `services` VALUES (1788, 14, '2022-05-26', '2005-09-05 19:49:45', '2011-12-23 21:32:10');
INSERT INTO `services` VALUES (1789, 51, '2020-12-29', '2021-10-08 15:20:37', '2014-12-06 01:09:14');
INSERT INTO `services` VALUES (1790, 61, '2020-11-21', '2020-11-04 10:42:01', '2016-01-28 15:31:09');
INSERT INTO `services` VALUES (1791, 92, '2018-09-24', '2005-12-06 11:25:04', '2012-04-21 13:56:53');
INSERT INTO `services` VALUES (1792, 86, '2022-06-21', '2003-10-17 12:35:25', '2002-08-27 20:13:51');
INSERT INTO `services` VALUES (1793, 93, '2020-12-18', '2000-02-12 21:31:28', '2014-10-29 13:59:09');
INSERT INTO `services` VALUES (1794, 20, '2022-12-25', '2022-05-30 13:35:34', '2015-04-30 03:11:32');
INSERT INTO `services` VALUES (1795, 37, '2022-12-16', '2002-06-21 06:10:49', '2004-08-21 22:29:23');
INSERT INTO `services` VALUES (1796, 45, '2023-01-09', '2004-02-23 13:26:46', '2012-01-11 03:09:28');
INSERT INTO `services` VALUES (1797, 30, '2019-10-12', '2007-11-26 10:56:06', '2015-05-04 16:56:23');
INSERT INTO `services` VALUES (1798, 92, '2023-01-08', '2021-02-06 00:34:23', '2008-11-09 05:33:48');
INSERT INTO `services` VALUES (1799, 52, '2020-10-11', '2019-08-24 11:22:28', '2004-08-17 08:11:20');
INSERT INTO `services` VALUES (1800, 44, '2018-04-28', '2003-12-02 08:45:42', '2000-08-10 13:15:46');
INSERT INTO `services` VALUES (1801, 10, '2019-01-31', '2002-12-23 22:31:50', '2001-03-27 05:29:54');
INSERT INTO `services` VALUES (1802, 92, '2019-07-30', '2009-10-05 06:26:03', '2004-10-10 07:49:24');
INSERT INTO `services` VALUES (1803, 55, '2022-01-05', '2010-12-04 12:32:48', '2023-01-05 16:03:58');
INSERT INTO `services` VALUES (1804, 67, '2019-03-03', '2012-10-19 06:39:08', '2001-05-14 20:19:31');
INSERT INTO `services` VALUES (1805, 44, '2021-07-24', '2021-05-22 01:49:32', '2013-05-22 10:23:58');
INSERT INTO `services` VALUES (1806, 13, '2020-02-13', '2005-09-27 18:26:25', '2019-04-16 06:58:12');
INSERT INTO `services` VALUES (1807, 72, '2019-06-25', '2005-12-06 11:06:45', '2021-03-01 23:58:28');
INSERT INTO `services` VALUES (1808, 60, '2021-12-09', '2020-03-31 17:53:34', '2006-02-01 01:59:30');
INSERT INTO `services` VALUES (1809, 29, '2018-11-09', '2004-08-13 09:10:28', '2011-06-28 10:20:02');
INSERT INTO `services` VALUES (1810, 45, '2018-09-21', '2018-11-28 08:52:53', '2001-09-28 23:59:45');
INSERT INTO `services` VALUES (1811, 81, '2020-04-16', '2009-01-01 18:29:28', '2013-10-13 15:45:40');
INSERT INTO `services` VALUES (1812, 42, '2020-01-25', '2020-07-02 21:01:40', '2009-05-13 08:49:27');
INSERT INTO `services` VALUES (1813, 63, '2021-06-29', '2016-02-02 23:54:21', '2015-01-22 19:07:06');
INSERT INTO `services` VALUES (1814, 37, '2019-09-14', '2018-12-28 12:18:51', '2021-12-05 05:44:12');
INSERT INTO `services` VALUES (1815, 56, '2019-02-19', '2013-10-04 23:49:01', '2007-07-02 11:11:42');
INSERT INTO `services` VALUES (1816, 74, '2019-10-16', '2018-02-27 20:26:57', '2001-06-18 21:13:25');
INSERT INTO `services` VALUES (1817, 68, '2021-07-12', '2002-03-31 00:27:30', '2008-07-14 10:59:57');
INSERT INTO `services` VALUES (1818, 7, '2019-01-25', '2005-09-27 16:54:43', '2008-06-06 01:46:56');
INSERT INTO `services` VALUES (1819, 84, '2018-10-17', '2016-11-17 03:03:57', '2021-11-29 20:58:42');
INSERT INTO `services` VALUES (1820, 94, '2022-01-07', '2002-06-09 00:18:10', '2005-05-24 13:10:03');
INSERT INTO `services` VALUES (1821, 90, '2018-09-25', '2016-11-04 04:21:32', '2011-11-26 07:25:30');
INSERT INTO `services` VALUES (1822, 8, '2018-05-12', '2019-04-18 18:46:17', '2010-04-22 18:40:35');
INSERT INTO `services` VALUES (1823, 58, '2018-12-18', '2016-10-22 15:38:49', '2012-04-22 20:49:17');
INSERT INTO `services` VALUES (1824, 46, '2021-12-17', '2019-09-30 01:44:41', '2002-04-02 03:41:04');
INSERT INTO `services` VALUES (1825, 31, '2022-11-04', '2009-06-17 11:01:52', '2013-07-27 04:47:53');
INSERT INTO `services` VALUES (1826, 58, '2019-03-12', '2018-09-01 01:26:14', '2012-09-16 21:59:48');
INSERT INTO `services` VALUES (1827, 45, '2022-11-29', '2012-11-21 02:03:16', '2018-02-28 20:35:49');
INSERT INTO `services` VALUES (1828, 8, '2020-12-31', '2001-11-08 04:52:15', '2012-03-14 06:05:25');
INSERT INTO `services` VALUES (1829, 71, '2018-10-13', '2013-10-05 08:35:33', '2019-09-16 11:16:42');
INSERT INTO `services` VALUES (1830, 9, '2020-01-11', '2022-11-28 02:18:24', '2009-05-15 13:57:18');
INSERT INTO `services` VALUES (1831, 71, '2022-06-06', '2020-04-17 06:37:53', '2008-08-02 06:59:36');
INSERT INTO `services` VALUES (1832, 38, '2019-05-07', '2023-03-14 13:37:20', '2003-07-25 20:26:42');
INSERT INTO `services` VALUES (1833, 83, '2022-07-12', '2013-02-26 15:43:16', '2006-08-31 07:34:41');
INSERT INTO `services` VALUES (1834, 99, '2020-12-17', '2008-08-24 22:58:14', '2011-05-20 19:03:18');
INSERT INTO `services` VALUES (1835, 91, '2018-02-11', '2016-02-16 01:52:00', '2002-05-28 08:25:45');
INSERT INTO `services` VALUES (1836, 69, '2020-01-29', '2015-06-06 21:53:16', '2017-08-12 10:18:29');
INSERT INTO `services` VALUES (1837, 49, '2018-09-29', '2000-10-23 18:14:37', '2014-07-31 18:46:46');
INSERT INTO `services` VALUES (1838, 97, '2018-07-27', '2022-12-28 13:30:33', '2000-12-07 13:43:39');
INSERT INTO `services` VALUES (1839, 45, '2022-04-11', '2012-08-25 20:07:59', '2013-10-16 13:53:14');
INSERT INTO `services` VALUES (1840, 63, '2020-08-30', '2003-07-28 08:00:53', '2023-01-25 07:36:23');
INSERT INTO `services` VALUES (1841, 64, '2019-10-21', '2007-04-05 05:37:48', '2022-08-23 06:37:37');
INSERT INTO `services` VALUES (1842, 22, '2021-09-10', '2010-05-11 22:28:15', '2013-06-05 17:21:27');
INSERT INTO `services` VALUES (1843, 71, '2022-07-25', '2019-09-25 16:14:36', '2005-10-30 13:42:48');
INSERT INTO `services` VALUES (1844, 36, '2018-08-19', '2006-09-21 16:32:08', '2009-06-29 08:52:58');
INSERT INTO `services` VALUES (1845, 51, '2021-05-17', '2000-09-15 00:10:51', '2005-04-07 23:59:54');
INSERT INTO `services` VALUES (1846, 47, '2020-11-27', '2012-04-24 15:32:37', '2001-03-03 23:40:19');
INSERT INTO `services` VALUES (1847, 87, '2021-10-16', '2021-11-11 23:09:55', '2022-07-27 02:58:35');
INSERT INTO `services` VALUES (1848, 60, '2020-06-20', '2000-12-01 07:02:19', '2007-11-25 11:27:12');
INSERT INTO `services` VALUES (1849, 32, '2020-04-07', '2020-09-28 03:05:48', '2008-10-11 09:03:40');
INSERT INTO `services` VALUES (1850, 49, '2020-02-02', '2022-02-06 22:15:28', '2007-03-17 19:00:45');
INSERT INTO `services` VALUES (1851, 53, '2020-10-21', '2020-05-21 17:24:56', '2017-07-04 15:45:53');
INSERT INTO `services` VALUES (1852, 29, '2018-09-13', '2013-07-29 07:06:57', '2010-02-04 14:25:45');
INSERT INTO `services` VALUES (1853, 48, '2019-08-01', '2005-05-07 08:05:33', '2021-06-04 22:19:27');
INSERT INTO `services` VALUES (1854, 43, '2019-11-29', '2007-01-31 08:15:16', '2001-03-14 07:13:49');
INSERT INTO `services` VALUES (1855, 86, '2019-05-05', '2021-08-22 19:55:00', '2005-04-15 16:42:56');
INSERT INTO `services` VALUES (1856, 57, '2020-11-10', '2004-02-05 01:19:55', '2013-01-20 04:45:54');
INSERT INTO `services` VALUES (1857, 86, '2023-03-14', '2022-11-08 09:41:20', '2014-10-06 15:37:27');
INSERT INTO `services` VALUES (1858, 94, '2023-02-21', '2020-12-08 08:15:23', '2011-04-29 10:52:28');
INSERT INTO `services` VALUES (1859, 78, '2021-04-20', '2020-02-13 01:12:09', '2021-07-08 16:23:39');
INSERT INTO `services` VALUES (1860, 57, '2022-06-09', '2016-06-02 02:20:08', '2002-03-27 23:48:19');
INSERT INTO `services` VALUES (1861, 59, '2020-03-13', '2022-01-21 09:41:48', '2022-09-06 06:10:54');
INSERT INTO `services` VALUES (1862, 46, '2018-02-11', '2007-03-21 16:33:21', '2009-07-20 23:50:27');
INSERT INTO `services` VALUES (1863, 97, '2020-02-12', '2004-10-14 16:10:50', '2018-05-19 00:21:54');
INSERT INTO `services` VALUES (1864, 5, '2020-03-15', '2010-07-09 15:43:01', '2004-04-30 15:05:52');
INSERT INTO `services` VALUES (1865, 34, '2020-09-01', '2014-02-28 19:59:45', '2002-07-18 22:09:52');
INSERT INTO `services` VALUES (1866, 43, '2020-05-31', '2014-06-30 21:11:05', '2013-10-10 22:51:06');
INSERT INTO `services` VALUES (1867, 43, '2018-07-24', '2022-06-26 03:46:17', '2022-02-23 05:02:20');
INSERT INTO `services` VALUES (1868, 27, '2021-07-22', '2006-03-21 21:30:27', '2013-12-17 10:22:01');
INSERT INTO `services` VALUES (1869, 90, '2022-05-20', '2019-07-20 10:49:50', '2008-01-29 21:17:11');
INSERT INTO `services` VALUES (1870, 49, '2022-02-05', '2012-10-01 13:06:15', '2015-04-12 17:49:31');
INSERT INTO `services` VALUES (1871, 73, '2019-03-17', '2007-01-18 18:31:56', '2018-09-09 17:56:26');
INSERT INTO `services` VALUES (1872, 7, '2021-05-30', '2003-03-15 16:42:26', '2011-02-04 16:48:26');
INSERT INTO `services` VALUES (1873, 98, '2019-12-08', '2013-08-26 19:50:34', '2006-06-18 18:15:59');
INSERT INTO `services` VALUES (1874, 40, '2021-11-18', '2001-09-29 22:40:21', '2016-08-24 07:16:24');
INSERT INTO `services` VALUES (1875, 33, '2021-03-28', '2004-04-01 17:27:58', '2010-07-08 23:09:56');
INSERT INTO `services` VALUES (1876, 60, '2018-09-16', '2001-09-11 12:22:17', '2022-10-03 18:36:42');
INSERT INTO `services` VALUES (1877, 55, '2021-10-19', '2001-07-24 00:12:36', '2006-12-15 05:57:54');
INSERT INTO `services` VALUES (1878, 56, '2019-06-13', '2011-05-01 07:57:12', '2010-04-10 22:06:55');
INSERT INTO `services` VALUES (1879, 59, '2021-03-07', '2003-01-19 05:50:46', '2006-04-26 00:17:37');
INSERT INTO `services` VALUES (1880, 41, '2018-06-03', '2003-10-09 14:35:20', '2015-05-29 08:21:14');
INSERT INTO `services` VALUES (1881, 50, '2020-08-23', '2002-06-13 17:58:23', '2022-10-06 06:58:07');
INSERT INTO `services` VALUES (1882, 28, '2018-12-18', '2017-03-30 13:54:24', '2022-05-14 17:54:37');
INSERT INTO `services` VALUES (1883, 82, '2021-08-20', '2005-11-20 06:33:17', '2017-01-11 04:27:36');
INSERT INTO `services` VALUES (1884, 31, '2020-10-13', '2008-01-05 07:23:09', '2004-02-25 10:05:43');
INSERT INTO `services` VALUES (1885, 15, '2018-08-23', '2013-05-06 03:55:40', '2003-09-07 18:57:41');
INSERT INTO `services` VALUES (1886, 36, '2019-02-06', '2018-09-03 04:19:59', '2010-10-13 17:08:54');
INSERT INTO `services` VALUES (1887, 8, '2019-11-29', '2010-05-16 15:16:41', '2018-10-21 03:11:01');
INSERT INTO `services` VALUES (1888, 42, '2019-06-03', '2010-04-28 04:19:41', '2019-01-03 10:02:17');
INSERT INTO `services` VALUES (1889, 27, '2022-06-15', '2013-11-27 10:58:03', '2000-04-26 05:41:08');
INSERT INTO `services` VALUES (1890, 54, '2019-08-22', '2006-11-16 14:21:40', '2014-10-03 21:00:02');
INSERT INTO `services` VALUES (1891, 96, '2022-03-17', '2009-02-27 21:32:51', '2021-12-24 09:27:54');
INSERT INTO `services` VALUES (1892, 29, '2020-11-25', '2001-11-19 06:06:35', '2022-11-27 07:54:06');
INSERT INTO `services` VALUES (1893, 96, '2018-03-17', '2006-11-02 03:49:20', '2011-06-20 05:13:44');
INSERT INTO `services` VALUES (1894, 91, '2022-02-05', '2002-06-11 02:19:37', '2012-01-04 22:07:03');
INSERT INTO `services` VALUES (1895, 47, '2020-01-12', '2012-04-13 10:33:48', '2010-06-27 16:13:19');
INSERT INTO `services` VALUES (1896, 52, '2021-04-25', '2006-04-11 16:27:16', '2008-06-27 13:02:25');
INSERT INTO `services` VALUES (1897, 48, '2023-01-17', '2003-10-13 12:19:05', '2016-09-07 11:14:19');
INSERT INTO `services` VALUES (1898, 64, '2023-03-12', '2001-09-05 17:26:39', '2015-08-04 19:37:26');
INSERT INTO `services` VALUES (1899, 36, '2018-07-12', '2012-04-09 03:08:21', '2022-02-27 04:38:33');
INSERT INTO `services` VALUES (1900, 27, '2020-01-24', '2017-03-29 01:22:41', '2014-01-10 12:09:40');
INSERT INTO `services` VALUES (1901, 56, '2021-03-21', '2012-01-23 06:07:21', '2012-05-13 20:15:56');
INSERT INTO `services` VALUES (1902, 1, '2022-03-19', '2006-10-27 02:47:19', '2006-03-04 20:50:21');
INSERT INTO `services` VALUES (1903, 37, '2018-08-22', '2012-06-19 10:51:41', '2010-04-01 10:14:19');
INSERT INTO `services` VALUES (1904, 23, '2018-08-24', '2006-02-09 21:38:35', '2008-08-02 07:11:08');
INSERT INTO `services` VALUES (1905, 26, '2018-09-27', '2018-01-26 07:19:31', '2009-09-30 15:33:53');
INSERT INTO `services` VALUES (1906, 47, '2020-10-15', '2016-02-19 16:49:49', '2005-05-15 13:09:25');
INSERT INTO `services` VALUES (1907, 47, '2022-10-25', '2021-07-29 02:38:55', '2006-03-25 15:17:16');
INSERT INTO `services` VALUES (1908, 19, '2018-08-16', '2012-10-05 14:34:10', '2017-09-03 02:29:38');
INSERT INTO `services` VALUES (1909, 63, '2021-05-20', '2007-06-17 02:21:56', '2019-08-29 18:11:43');
INSERT INTO `services` VALUES (1910, 18, '2020-08-17', '2006-06-03 15:16:30', '2000-01-19 11:07:03');
INSERT INTO `services` VALUES (1911, 97, '2020-05-06', '2010-05-20 08:47:37', '2004-12-24 15:27:37');
INSERT INTO `services` VALUES (1912, 80, '2018-06-16', '2020-09-11 18:58:02', '2016-08-29 12:38:51');
INSERT INTO `services` VALUES (1913, 83, '2018-09-06', '2016-06-05 20:12:21', '2015-11-07 18:50:37');
INSERT INTO `services` VALUES (1914, 76, '2019-04-12', '2017-03-08 00:12:46', '2019-08-03 09:11:53');
INSERT INTO `services` VALUES (1915, 94, '2018-05-19', '2013-07-07 21:09:00', '2015-06-07 23:39:55');
INSERT INTO `services` VALUES (1916, 25, '2018-12-01', '2001-12-27 06:23:44', '2018-06-25 23:02:20');
INSERT INTO `services` VALUES (1917, 52, '2020-08-16', '2016-08-12 08:55:02', '2017-12-11 11:23:07');
INSERT INTO `services` VALUES (1918, 11, '2018-06-02', '2006-04-30 13:25:43', '2009-04-15 16:11:14');
INSERT INTO `services` VALUES (1919, 75, '2021-01-29', '2005-08-17 10:56:21', '2001-01-18 05:27:26');
INSERT INTO `services` VALUES (1920, 8, '2019-08-18', '2002-12-15 02:01:40', '2011-05-24 14:34:43');
INSERT INTO `services` VALUES (1921, 12, '2021-04-11', '2022-09-20 13:17:42', '2007-08-15 19:45:12');
INSERT INTO `services` VALUES (1922, 73, '2018-01-03', '2000-11-14 21:46:52', '2008-02-07 03:06:10');
INSERT INTO `services` VALUES (1923, 10, '2019-08-15', '2011-07-16 08:53:48', '2004-05-24 11:39:46');
INSERT INTO `services` VALUES (1924, 96, '2018-03-08', '2019-12-05 10:13:24', '2018-04-22 23:48:13');
INSERT INTO `services` VALUES (1925, 76, '2018-09-14', '2017-08-10 02:53:42', '2003-09-25 13:12:51');
INSERT INTO `services` VALUES (1926, 60, '2021-08-20', '2010-09-06 07:21:00', '2014-08-04 13:56:24');
INSERT INTO `services` VALUES (1927, 96, '2021-02-20', '2006-11-13 02:38:40', '2017-04-08 09:15:13');
INSERT INTO `services` VALUES (1928, 1, '2019-03-16', '2005-03-28 21:41:48', '2017-10-31 14:38:51');
INSERT INTO `services` VALUES (1929, 67, '2019-03-02', '2010-11-07 22:12:50', '2013-03-23 21:51:29');
INSERT INTO `services` VALUES (1930, 29, '2022-09-14', '2014-01-29 11:51:28', '2010-03-11 20:05:04');
INSERT INTO `services` VALUES (1931, 93, '2022-12-30', '2016-08-23 05:58:31', '2000-09-23 07:19:03');
INSERT INTO `services` VALUES (1932, 18, '2020-10-03', '2018-12-04 08:45:46', '2004-12-24 07:44:12');
INSERT INTO `services` VALUES (1933, 92, '2020-02-22', '2012-02-16 17:57:34', '2001-10-30 17:29:38');
INSERT INTO `services` VALUES (1934, 29, '2020-11-24', '2010-06-10 20:50:32', '2019-11-29 05:53:30');
INSERT INTO `services` VALUES (1935, 19, '2019-09-06', '2001-11-19 13:17:13', '2012-05-18 01:33:59');
INSERT INTO `services` VALUES (1936, 34, '2021-11-05', '2012-01-27 04:51:46', '2015-04-20 00:24:24');
INSERT INTO `services` VALUES (1937, 13, '2020-11-09', '2003-10-30 15:55:10', '2004-06-22 08:57:43');
INSERT INTO `services` VALUES (1938, 48, '2019-06-12', '2012-08-16 20:02:48', '2022-02-22 17:29:29');
INSERT INTO `services` VALUES (1939, 99, '2018-05-10', '2016-09-24 05:54:17', '2004-09-03 08:51:22');
INSERT INTO `services` VALUES (1940, 79, '2022-03-22', '2015-07-06 11:33:21', '2016-09-25 01:32:11');
INSERT INTO `services` VALUES (1941, 49, '2021-06-21', '2016-05-09 08:03:21', '2014-10-29 20:48:23');
INSERT INTO `services` VALUES (1942, 95, '2022-04-17', '2015-04-13 03:09:59', '2012-04-02 05:20:24');
INSERT INTO `services` VALUES (1943, 49, '2018-11-08', '2006-01-09 18:37:51', '2015-10-02 17:37:46');
INSERT INTO `services` VALUES (1944, 18, '2022-01-23', '2009-04-29 04:08:40', '2022-09-02 09:09:36');
INSERT INTO `services` VALUES (1945, 83, '2022-12-15', '2001-07-30 00:11:58', '2004-10-08 11:07:27');
INSERT INTO `services` VALUES (1946, 20, '2020-02-18', '2009-09-20 13:45:39', '2019-07-29 13:23:41');
INSERT INTO `services` VALUES (1947, 12, '2021-11-16', '2008-01-20 17:03:13', '2020-06-09 22:48:22');
INSERT INTO `services` VALUES (1948, 69, '2020-04-17', '2007-06-04 13:33:34', '2006-01-17 02:30:41');
INSERT INTO `services` VALUES (1949, 11, '2022-07-06', '2014-06-12 23:47:15', '2017-07-09 16:27:30');
INSERT INTO `services` VALUES (1950, 12, '2020-12-04', '2001-05-30 19:44:50', '2005-10-26 00:53:25');
INSERT INTO `services` VALUES (1951, 74, '2020-12-02', '2008-05-30 10:18:03', '2009-08-19 06:29:10');
INSERT INTO `services` VALUES (1952, 4, '2019-07-15', '2011-05-16 08:19:10', '2016-11-21 03:08:29');
INSERT INTO `services` VALUES (1953, 91, '2022-08-10', '2019-03-27 10:47:48', '2006-02-11 02:04:45');
INSERT INTO `services` VALUES (1954, 74, '2021-02-03', '2021-12-22 23:15:46', '2004-03-18 06:54:06');
INSERT INTO `services` VALUES (1955, 59, '2018-04-10', '2013-01-03 06:39:38', '2018-10-29 08:47:59');
INSERT INTO `services` VALUES (1956, 10, '2021-02-27', '2012-05-11 18:53:05', '2006-02-22 23:20:56');
INSERT INTO `services` VALUES (1957, 78, '2018-05-23', '2021-03-26 10:03:14', '2015-03-19 06:19:51');
INSERT INTO `services` VALUES (1958, 57, '2020-06-16', '2018-03-16 04:45:29', '2014-10-23 17:57:13');
INSERT INTO `services` VALUES (1959, 37, '2018-12-16', '2023-03-08 18:28:30', '2018-06-12 01:06:20');
INSERT INTO `services` VALUES (1960, 76, '2022-07-30', '2006-06-28 12:42:47', '2015-04-21 06:45:31');
INSERT INTO `services` VALUES (1961, 11, '2018-06-25', '2013-12-04 16:58:24', '2010-04-03 06:05:25');
INSERT INTO `services` VALUES (1962, 38, '2021-01-21', '2003-10-22 10:57:30', '2004-04-27 06:37:57');
INSERT INTO `services` VALUES (1963, 14, '2022-03-06', '2001-06-04 11:40:36', '2001-10-21 00:43:45');
INSERT INTO `services` VALUES (1964, 57, '2020-07-07', '2019-12-27 03:04:29', '2001-07-11 10:10:38');
INSERT INTO `services` VALUES (1965, 89, '2018-05-01', '2012-08-05 04:02:23', '2003-07-21 22:15:25');
INSERT INTO `services` VALUES (1966, 100, '2020-05-04', '2020-01-21 16:27:01', '2021-03-17 13:34:25');
INSERT INTO `services` VALUES (1967, 89, '2020-11-04', '2016-11-12 17:05:01', '2012-02-15 13:06:19');
INSERT INTO `services` VALUES (1968, 37, '2018-01-15', '2001-03-02 08:19:05', '2009-05-21 23:02:37');
INSERT INTO `services` VALUES (1969, 28, '2021-10-20', '2015-11-15 05:22:02', '2019-08-11 10:07:41');
INSERT INTO `services` VALUES (1970, 77, '2021-05-31', '2001-07-14 04:32:07', '2002-10-21 04:04:43');
INSERT INTO `services` VALUES (1971, 57, '2019-01-06', '2009-10-06 03:08:18', '2007-02-25 22:22:00');
INSERT INTO `services` VALUES (1972, 98, '2022-07-06', '2009-04-07 17:52:31', '2017-09-28 21:41:38');
INSERT INTO `services` VALUES (1973, 5, '2019-12-15', '2003-10-11 12:21:55', '2011-04-17 15:13:47');
INSERT INTO `services` VALUES (1974, 90, '2022-10-30', '2022-08-11 11:39:02', '2023-03-04 20:13:48');
INSERT INTO `services` VALUES (1975, 98, '2018-08-03', '2011-06-25 13:19:28', '2020-04-19 22:56:58');
INSERT INTO `services` VALUES (1976, 30, '2019-09-20', '2019-05-09 14:12:37', '2004-12-26 04:16:13');
INSERT INTO `services` VALUES (1977, 9, '2020-12-06', '2022-05-14 10:44:10', '2002-08-14 02:53:11');
INSERT INTO `services` VALUES (1978, 30, '2018-06-18', '2007-05-09 18:16:53', '2022-04-27 00:34:34');
INSERT INTO `services` VALUES (1979, 94, '2021-11-10', '2020-03-28 19:20:33', '2015-07-29 06:52:45');
INSERT INTO `services` VALUES (1980, 4, '2021-05-19', '2018-07-17 04:28:42', '2005-03-01 01:30:44');
INSERT INTO `services` VALUES (1981, 95, '2021-01-06', '2006-02-01 12:06:43', '2002-07-26 01:10:20');
INSERT INTO `services` VALUES (1982, 34, '2021-12-03', '2019-09-07 08:19:41', '2005-02-27 21:27:23');
INSERT INTO `services` VALUES (1983, 68, '2021-08-09', '2000-03-14 10:23:19', '2018-08-31 13:17:27');
INSERT INTO `services` VALUES (1984, 1, '2023-03-06', '2006-07-20 04:01:42', '2000-05-08 02:02:22');
INSERT INTO `services` VALUES (1985, 26, '2019-11-01', '2001-07-08 15:11:07', '2002-12-26 18:55:00');
INSERT INTO `services` VALUES (1986, 8, '2021-06-24', '2008-07-23 13:03:39', '2004-08-29 19:43:52');
INSERT INTO `services` VALUES (1987, 25, '2018-02-28', '2000-01-03 11:28:26', '2003-06-14 16:06:03');
INSERT INTO `services` VALUES (1988, 12, '2018-07-19', '2020-03-30 20:19:59', '2010-06-15 07:00:20');
INSERT INTO `services` VALUES (1989, 31, '2023-02-05', '2015-11-18 06:57:01', '2009-12-21 13:39:37');
INSERT INTO `services` VALUES (1990, 71, '2021-10-29', '2016-08-16 19:50:08', '2000-09-22 08:36:15');
INSERT INTO `services` VALUES (1991, 76, '2021-05-27', '2020-02-11 23:21:18', '2000-08-14 04:23:06');
INSERT INTO `services` VALUES (1992, 99, '2022-04-29', '2023-03-13 07:31:22', '2003-04-07 14:19:47');
INSERT INTO `services` VALUES (1993, 39, '2018-06-11', '2003-01-07 20:56:36', '2005-08-02 19:35:29');
INSERT INTO `services` VALUES (1994, 38, '2018-10-18', '2016-03-13 17:27:58', '2016-11-01 14:38:27');
INSERT INTO `services` VALUES (1995, 74, '2019-05-10', '2021-05-20 15:28:16', '2005-06-08 17:41:43');
INSERT INTO `services` VALUES (1996, 68, '2018-06-25', '2019-08-26 16:35:07', '2009-10-09 07:10:38');
INSERT INTO `services` VALUES (1997, 78, '2022-08-07', '2000-07-01 05:28:47', '2020-03-22 19:47:08');
INSERT INTO `services` VALUES (1998, 86, '2021-08-28', '2011-07-21 00:45:22', '2013-12-28 08:07:21');
INSERT INTO `services` VALUES (1999, 60, '2022-08-09', '2011-02-11 05:47:44', '2002-12-27 18:47:11');
INSERT INTO `services` VALUES (2000, 76, '2022-05-06', '2009-03-11 13:35:11', '2001-11-14 10:12:00');

-- ----------------------------
-- Table structure for users
-- ----------------------------
DROP TABLE IF EXISTS `users`;
CREATE TABLE `users`  (
  `id` bigint UNSIGNED NOT NULL AUTO_INCREMENT,
  `name` varchar(255) CHARACTER SET utf8mb4 COLLATE utf8mb4_unicode_ci NOT NULL,
  `username` varchar(255) CHARACTER SET utf8mb4 COLLATE utf8mb4_unicode_ci NOT NULL,
  `password` varchar(255) CHARACTER SET utf8mb4 COLLATE utf8mb4_unicode_ci NOT NULL,
  `grades_id` bigint UNSIGNED NULL DEFAULT NULL,
  `remember_token` varchar(100) CHARACTER SET utf8mb4 COLLATE utf8mb4_unicode_ci NULL DEFAULT NULL,
  `created_at` timestamp NULL DEFAULT NULL,
  `updated_at` timestamp NULL DEFAULT NULL,
  PRIMARY KEY (`id`) USING BTREE,
  UNIQUE INDEX `users_username_unique`(`username` ASC) USING BTREE,
  INDEX `users_grades_id_index`(`grades_id` ASC) USING BTREE,
  CONSTRAINT `users_grades_id_foreign` FOREIGN KEY (`grades_id`) REFERENCES `grades` (`id`) ON DELETE RESTRICT ON UPDATE RESTRICT
) ENGINE = InnoDB AUTO_INCREMENT = 5 CHARACTER SET = utf8mb4 COLLATE = utf8mb4_unicode_ci ROW_FORMAT = Dynamic;

-- ----------------------------
-- Records of users
-- ----------------------------
INSERT INTO `users` VALUES (1, 'Admin', 'admin', '$2y$10$ZUa6kFODEXDmg6sFwSae5.G42vxxp91ws9I/g55RtaHl5CSWiPBfO', NULL, NULL, '2023-03-22 02:56:12', '2023-03-22 02:56:12');
INSERT INTO `users` VALUES (2, 'Roni', 'roni', '$2y$10$yWmRmw6IrV1WvIMguOduZ.E9bYrlFxicGOs81j4dwQhzMV3VCRoka', 1, NULL, '2023-03-22 02:56:13', '2023-03-22 02:56:13');
INSERT INTO `users` VALUES (3, 'Yanti', 'yanti', '$2y$10$rh.N4GKywyBn.KN9cFeX3uhSgDa79jIFNuSPs0d7k7mP3ENfqa8i6', 2, NULL, '2023-03-22 02:56:13', '2023-03-22 02:56:13');
INSERT INTO `users` VALUES (4, 'Sumi', 'sumi', '$2y$10$z3/TUj/GnEXPeLJWfR8x7e7n4optTkZvkwveCSVLH8Ygw.epubCG2', 3, NULL, '2023-03-22 02:56:14', '2023-03-22 02:56:14');

-- ----------------------------
-- Table structure for vehicles
-- ----------------------------
DROP TABLE IF EXISTS `vehicles`;
CREATE TABLE `vehicles`  (
  `id` bigint UNSIGNED NOT NULL AUTO_INCREMENT,
  `name` varchar(50) CHARACTER SET utf8mb4 COLLATE utf8mb4_unicode_ci NOT NULL,
  `ownership` varchar(50) CHARACTER SET utf8mb4 COLLATE utf8mb4_unicode_ci NOT NULL,
  `year` year NOT NULL,
  `vin` varchar(255) CHARACTER SET utf8mb4 COLLATE utf8mb4_unicode_ci NOT NULL,
  `status` varchar(50) CHARACTER SET utf8mb4 COLLATE utf8mb4_unicode_ci NOT NULL,
  `information` varchar(255) CHARACTER SET utf8mb4 COLLATE utf8mb4_unicode_ci NULL DEFAULT NULL,
  `created_at` timestamp NULL DEFAULT NULL,
  `updated_at` timestamp NULL DEFAULT NULL,
  PRIMARY KEY (`id`) USING BTREE
) ENGINE = InnoDB AUTO_INCREMENT = 101 CHARACTER SET = utf8mb4 COLLATE = utf8mb4_unicode_ci ROW_FORMAT = Dynamic;

-- ----------------------------
-- Records of vehicles
-- ----------------------------
INSERT INTO `vehicles` VALUES (1, 'Off The Reader', 'Rental Vehicle', 2015, '3642069207', 'Unavailable', 'Genius is an infinite capacity for taking pains. Success consists of going from failure to failure without loss of enthusiasm. I may not have gone where I intended to go, but I think I have ended up where I needed to be. Secure Sockets Layer(SSL) is a pro', '2008-10-09 21:09:58', '2008-03-14 12:56:12');
INSERT INTO `vehicles` VALUES (2, 'Dune Buggy', 'Company Vehicle', 2019, '4069761588', 'Available', 'HTTP Tunneling is a method for connecting to a server that uses the same protocol (http://) and the same port (port 80) as a web server does. Monitored servers include MySQL, MariaDB and SQL Server, and compatible with cloud databases like Amazon RDS, Ama', '2021-09-21 04:24:42', '2012-08-24 17:41:10');
INSERT INTO `vehicles` VALUES (3, 'Auto Rickshaw', 'Company Vehicle', 2016, '7531300480', 'Unavailable', 'If opportunity doesnt knock, build a door. If it scares you, it might be a good thing to try. The first step is as good as half over. In the middle of winter I at last discovered that there was in me an invincible summer.', '2015-10-26 14:51:49', '2007-12-30 02:35:50');
INSERT INTO `vehicles` VALUES (4, 'Scooter', 'Company Vehicle', 2019, '8894515816', 'Available', 'The Main Window consists of several toolbars and panes for you to work on connections, database objects and advanced tools. After logged in the Navicat Cloud feature, the Navigation pane will be divided into Navicat Cloud and My Connections sections. If o', '2022-11-17 06:21:13', '2015-11-16 10:36:55');
INSERT INTO `vehicles` VALUES (5, 'Sports Bike', 'Company Vehicle', 2011, '5623774807', 'Unavailable', 'To get a secure connection, the first thing you need to do is to install OpenSSL Library and download Database Source. It can also manage cloud databases such as Amazon Redshift, Amazon RDS, Alibaba Cloud. Features in Navicat are sophisticated enough to p', '2005-09-29 06:28:34', '2010-09-15 21:24:28');
INSERT INTO `vehicles` VALUES (6, 'Limousine', 'Rental Vehicle', 2007, '5940306120', 'Available', 'I destroy my enemies when I make them my friends. In the Objects tab, you can use the List List, Detail Detail and ER Diagram ER Diagram buttons to change the object view. The Synchronize to Database function will give you a full picture of all database d', '2005-08-02 18:11:46', '2013-09-07 14:46:51');
INSERT INTO `vehicles` VALUES (7, 'Station Wagon', 'Company Vehicle', 2011, '6465114519', 'Available', 'All the Navicat Cloud objects are located under different projects. You can share the project to other Navicat Cloud accounts for collaboration. Navicat Monitor can be installed on any local computer or virtual machine and does not require any software in', '2000-04-08 05:58:24', '2022-09-28 10:27:26');
INSERT INTO `vehicles` VALUES (8, 'Coaster', 'Rental Vehicle', 2012, '2612262172', 'Available', 'Optimism is the one quality more associated with success and happiness than any other. I destroy my enemies when I make them my friends. To open a query using an external editor, control-click it and select Open with External Editor. You can set the file ', '2003-04-07 16:13:02', '2013-05-03 16:49:52');
INSERT INTO `vehicles` VALUES (9, 'Lorry', 'Rental Vehicle', 2011, '5737720265', 'Unavailable', 'I will greet this day with love in my heart. After comparing data, the window shows the number of records that will be inserted, updated or deleted in the target. Navicat Data Modeler is a powerful and cost-effective database design tool which helps you b', '2012-06-27 10:44:11', '2020-03-12 08:11:44');
INSERT INTO `vehicles` VALUES (10, 'Bullock Cart', 'Rental Vehicle', 2019, '3737296065', 'Available', 'Navicat Cloud provides a cloud service for synchronizing connections, queries, model files and virtual group information from Navicat, other Navicat family members, different machines and different platforms.', '2009-08-08 02:07:04', '2001-09-23 21:36:20');
INSERT INTO `vehicles` VALUES (11, 'Multipurpose Vehicle (Mpv)', 'Company Vehicle', 2012, '4549366132', 'Unavailable', 'It collects process metrics such as CPU load, RAM usage, and a variety of other resources over SSH/SNMP. Monitored servers include MySQL, MariaDB and SQL Server, and compatible with cloud databases like Amazon RDS, Amazon Aurora, Oracle Cloud, Google Clou', '2003-03-17 08:54:29', '2000-09-25 21:45:11');
INSERT INTO `vehicles` VALUES (12, 'Dune Buggy', 'Rental Vehicle', 2008, '4661110222', 'Unavailable', 'Flexible settings enable you to set up a custom key for comparison and synchronization. Navicat Monitor can be installed on any local computer or virtual machine and does not require any software installation on the servers being monitored.', '2021-07-20 10:44:14', '2021-07-23 11:24:49');
INSERT INTO `vehicles` VALUES (13, 'Camel Cart', 'Company Vehicle', 2021, '6069585047', 'Available', 'The repository database can be an existing MySQL, MariaDB, PostgreSQL, SQL Server, or Amazon RDS instance. There is no way to happiness. Happiness is the way. The Information Pane shows the detailed object information, project activities, the DDL of datab', '2005-02-15 17:15:38', '2014-05-04 18:35:36');
INSERT INTO `vehicles` VALUES (14, 'Wheelbarrow', 'Rental Vehicle', 1996, '7738012715', 'Unavailable', 'The repository database can be an existing MySQL, MariaDB, PostgreSQL, SQL Server, or Amazon RDS instance. Genius is an infinite capacity for taking pains. It collects process metrics such as CPU load, RAM usage, and a variety of other resources over SSH/', '2005-12-25 11:44:01', '2005-12-24 07:30:37');
INSERT INTO `vehicles` VALUES (15, 'Backhoe', 'Rental Vehicle', 1999, '4936377543', 'Available', 'Actually it is just in an idea when feel oneself can achieve and cannot achieve. Export Wizard allows you to export data from tables, collections, views, or query results to any available formats.', '2007-10-04 06:59:09', '2013-08-29 14:10:09');
INSERT INTO `vehicles` VALUES (16, 'Airport Bus', 'Rental Vehicle', 2003, '1297253774', 'Available', 'I may not have gone where I intended to go, but I think I have ended up where I needed to be. It can also manage cloud databases such as Amazon Redshift, Amazon RDS, Alibaba Cloud. Features in Navicat are sophisticated enough to provide professional devel', '2020-09-10 20:52:37', '2002-01-30 10:20:21');
INSERT INTO `vehicles` VALUES (17, 'Hatchback', 'Company Vehicle', 2009, '5056709768', 'Unavailable', 'The past has no power over the present moment. In the Objects tab, you can use the List List, Detail Detail and ER Diagram ER Diagram buttons to change the object view. Creativity is intelligence having fun. To start working with your server in Navicat, y', '2007-12-05 20:11:33', '2018-03-21 17:19:32');
INSERT INTO `vehicles` VALUES (18, 'Scooter', 'Rental Vehicle', 2016, '1925228383', 'Unavailable', 'Navicat Data Modeler enables you to build high-quality conceptual, logical and physical data models for a wide variety of audiences. All the Navicat Cloud objects are located under different projects. You can share the project to other Navicat Cloud accou', '2016-03-22 07:01:36', '2006-08-23 18:57:24');
INSERT INTO `vehicles` VALUES (19, 'Van,', 'Rental Vehicle', 1999, '2925871194', 'Unavailable', 'Champions keep playing until they get it right. It is used while your ISPs do not allow direct connections, but allows establishing HTTP connections.', '2008-06-13 01:16:55', '2019-02-11 20:25:16');
INSERT INTO `vehicles` VALUES (20, 'Camel Cart', 'Company Vehicle', 2023, '2231705523', 'Unavailable', 'Navicat Cloud provides a cloud service for synchronizing connections, queries, model files and virtual group information from Navicat, other Navicat family members, different machines and different platforms.', '2017-01-14 11:47:18', '2019-06-02 06:11:31');
INSERT INTO `vehicles` VALUES (21, 'Fastback', 'Rental Vehicle', 2018, '1355278349', 'Available', 'Navicat 15 has added support for the system-wide dark mode. Export Wizard allows you to export data from tables, collections, views, or query results to any available formats. If the Show objects under schema in navigation pane option is checked at the Pr', '2004-03-08 01:05:16', '2008-11-14 22:52:34');
INSERT INTO `vehicles` VALUES (22, 'Airport Bus', 'Company Vehicle', 2001, '8512295149', 'Unavailable', 'After logged in the Navicat Cloud feature, the Navigation pane will be divided into Navicat Cloud and My Connections sections. It is used while your ISPs do not allow direct connections, but allows establishing HTTP connections. After comparing data, the ', '2001-07-23 14:42:09', '2010-05-10 12:37:40');
INSERT INTO `vehicles` VALUES (23, 'Town Car', 'Company Vehicle', 2013, '6119701840', 'Available', 'After logged in the Navicat Cloud feature, the Navigation pane will be divided into Navicat Cloud and My Connections sections. Navicat Cloud could not connect and access your databases. By which it means, it could only store your connection settings, quer', '2005-06-21 00:08:44', '2015-12-06 01:10:09');
INSERT INTO `vehicles` VALUES (24, 'Sports Bike', 'Rental Vehicle', 2014, '5915274525', 'Unavailable', 'If your Internet Service Provider (ISP) does not provide direct access to its server, Secure Tunneling Protocol (SSH) / HTTP is another solution. Sometimes you win, sometimes you learn. Export Wizard allows you to export data from tables, collections, vie', '2016-01-20 23:05:40', '2005-08-14 09:42:38');
INSERT INTO `vehicles` VALUES (25, 'Fastback', 'Rental Vehicle', 2017, '4932005973', 'Available', 'After comparing data, the window shows the number of records that will be inserted, updated or deleted in the target. If your Internet Service Provider (ISP) does not provide direct access to its server, Secure Tunneling Protocol (SSH) / HTTP is another s', '2015-06-07 00:54:22', '2016-04-04 14:07:24');
INSERT INTO `vehicles` VALUES (26, 'Excavator Roller', 'Rental Vehicle', 2006, '9590400410', 'Available', 'If the Show objects under schema in navigation pane option is checked at the Preferences window, all database objects are also displayed in the pane.', '2017-01-24 19:57:18', '2010-04-06 12:05:17');
INSERT INTO `vehicles` VALUES (27, 'Notchback', 'Company Vehicle', 1997, '7565028090', 'Available', 'Sometimes you win, sometimes you learn. A mans best friends are his ten fingers. The past has no power over the present moment.', '2006-06-25 23:31:03', '2017-08-31 19:57:02');
INSERT INTO `vehicles` VALUES (28, 'Go-Kart', 'Rental Vehicle', 2013, '0237375933', 'Unavailable', 'After logged in the Navicat Cloud feature, the Navigation pane will be divided into Navicat Cloud and My Connections sections. In the Objects tab, you can use the List List, Detail Detail and ER Diagram ER Diagram buttons to change the object view.', '2002-05-27 00:14:42', '2015-12-04 23:15:16');
INSERT INTO `vehicles` VALUES (29, 'Dune Buggy', 'Rental Vehicle', 2010, '1975107554', 'Unavailable', 'Success consists of going from failure to failure without loss of enthusiasm. A man is not old until regrets take the place of dreams. Typically, it is employed as an encrypted version of Telnet.', '2010-08-28 18:19:08', '2011-03-01 01:20:45');
INSERT INTO `vehicles` VALUES (30, 'Camper', 'Rental Vehicle', 1998, '2807212289', 'Unavailable', 'I will greet this day with love in my heart. You can select any connections, objects or projects, and then select the corresponding buttons on the Information Pane. If it scares you, it might be a good thing to try.', '2021-10-04 00:59:06', '2005-09-02 01:43:00');
INSERT INTO `vehicles` VALUES (31, 'Donkey Cart', 'Rental Vehicle', 2016, '2586465567', 'Unavailable', 'If you wait, all that happens is you get older. A man is not old until regrets take the place of dreams.', '2011-10-08 01:08:31', '2017-10-30 11:31:28');
INSERT INTO `vehicles` VALUES (32, 'Caravan', 'Company Vehicle', 2006, '2137987465', 'Unavailable', 'Champions keep playing until they get it right. Monitored servers include MySQL, MariaDB and SQL Server, and compatible with cloud databases like Amazon RDS, Amazon Aurora, Oracle Cloud, Google Cloud and Microsoft Azure.', '2019-08-17 17:48:47', '2010-10-28 18:50:01');
INSERT INTO `vehicles` VALUES (33, 'Crane', 'Rental Vehicle', 2006, '8946147236', 'Available', 'To successfully establish a new connection to local/remote server - no matter via SSL, SSH or HTTP, set the database login information in the General tab.', '2021-01-29 13:53:41', '2021-11-13 03:15:32');
INSERT INTO `vehicles` VALUES (34, 'Racecar', 'Company Vehicle', 2021, '1860017272', 'Unavailable', 'Import Wizard allows you to import data to tables/collections from CSV, TXT, XML, DBF and more. All the Navicat Cloud objects are located under different projects. You can share the project to other Navicat Cloud accounts for collaboration.', '2017-12-18 12:24:11', '2018-11-11 07:07:59');
INSERT INTO `vehicles` VALUES (35, 'School Bus', 'Rental Vehicle', 2016, '3975172396', 'Unavailable', 'You will succeed because most people are lazy. Import Wizard allows you to import data to tables/collections from CSV, TXT, XML, DBF and more. To get a secure connection, the first thing you need to do is to install OpenSSL Library and download Database S', '2011-02-01 14:41:46', '2017-01-06 01:23:30');
INSERT INTO `vehicles` VALUES (36, 'School Bus', 'Company Vehicle', 2001, '8439535390', 'Unavailable', 'Navicat Cloud provides a cloud service for synchronizing connections, queries, model files and virtual group information from Navicat, other Navicat family members, different machines and different platforms. Navicat Monitor is a safe, simple and agentles', '2019-03-27 08:47:17', '2000-02-24 03:39:10');
INSERT INTO `vehicles` VALUES (37, 'Multipurpose Vehicle (Mpv)', 'Rental Vehicle', 1996, '0409944852', 'Unavailable', 'The repository database can be an existing MySQL, MariaDB, PostgreSQL, SQL Server, or Amazon RDS instance. You will succeed because most people are lazy. A man is not old until regrets take the place of dreams.', '2017-03-13 19:28:21', '2006-12-30 01:04:09');
INSERT INTO `vehicles` VALUES (38, 'Dune Buggy', 'Company Vehicle', 2005, '4789784329', 'Available', 'A mans best friends are his ten fingers. Optimism is the one quality more associated with success and happiness than any other. You cannot save people, you can just love them. Navicat is a multi-connections Database Administration tool allowing you to co', '2002-10-01 01:37:21', '2001-10-26 11:58:44');
INSERT INTO `vehicles` VALUES (39, 'Convertible', 'Company Vehicle', 2006, '4247108121', 'Available', 'You cannot save people, you can just love them. With its well-designed Graphical User Interface(GUI), Navicat lets you quickly and easily create, organize, access and share information in a secure and easy way.', '2014-04-26 15:26:51', '2000-04-07 03:50:24');
INSERT INTO `vehicles` VALUES (40, 'Bicycle', 'Company Vehicle', 1997, '4728991013', 'Available', 'In a Telnet session, all communications, including username and password, are transmitted in plain-text, allowing anyone to listen-in on your session and steal passwords and other information. A mans best friends are his ten fingers. Secure SHell (SSH) i', '2011-07-15 09:15:58', '2001-12-07 08:02:52');
INSERT INTO `vehicles` VALUES (41, 'Trailer', 'Rental Vehicle', 2002, '2113760178', 'Available', 'If the Show objects under schema in navigation pane option is checked at the Preferences window, all database objects are also displayed in the pane. Navicat Data Modeler enables you to build high-quality conceptual, logical and physical data models for a', '2010-02-11 22:36:12', '2010-08-28 17:54:12');
INSERT INTO `vehicles` VALUES (42, 'Luxury Car', 'Company Vehicle', 2023, '7439223956', 'Available', 'If it scares you, it might be a good thing to try. Sometimes you win, sometimes you learn. Difficult circumstances serve as a textbook of life for people. It collects process metrics such as CPU load, RAM usage, and a variety of other resources over SSH/S', '2008-09-14 17:29:29', '2013-09-12 23:38:43');
INSERT INTO `vehicles` VALUES (43, 'Dumper Truck', 'Rental Vehicle', 2020, '3138026649', 'Available', 'If the plan doesnt work, change the plan, but never the goal. You will succeed because most people are lazy. Navicat Monitor requires a repository to store alerts and metrics for historical analysis. Navicat allows you to transfer data from one database ', '2009-12-28 15:34:12', '2021-02-10 20:28:17');
INSERT INTO `vehicles` VALUES (44, 'Bus Minibus', 'Rental Vehicle', 2024, '7530143413', 'Unavailable', 'It can also manage cloud databases such as Amazon Redshift, Amazon RDS, Alibaba Cloud. Features in Navicat are sophisticated enough to provide professional developers for all their specific needs, yet easy to learn for users who are new to database server', '2007-07-16 16:15:00', '2018-08-08 22:22:34');
INSERT INTO `vehicles` VALUES (45, 'Bulldozer', 'Rental Vehicle', 2003, '3435784897', 'Unavailable', 'To get a secure connection, the first thing you need to do is to install OpenSSL Library and download Database Source. The first step is as good as half over. Instead of wondering when your next vacation is, maybe you should set up a life you dont need t', '2010-05-14 18:44:42', '2014-01-15 11:27:06');
INSERT INTO `vehicles` VALUES (46, 'Executive Car', 'Company Vehicle', 2019, '5858247244', 'Available', 'The Navigation pane employs tree structure which allows you to take action upon the database and their objects through their pop-up menus quickly and easily. Navicat Data Modeler enables you to build high-quality conceptual, logical and physical data mode', '2005-12-22 20:03:32', '2011-06-09 23:13:09');
INSERT INTO `vehicles` VALUES (47, 'Limousine', 'Rental Vehicle', 2018, '1574773801', 'Unavailable', 'Export Wizard allows you to export data from tables, collections, views, or query results to any available formats. To start working with your server in Navicat, you should first establish a connection or several connections using the Connection window.', '2001-10-24 10:48:08', '2010-05-03 05:34:18');
INSERT INTO `vehicles` VALUES (48, 'Bus Minibus', 'Rental Vehicle', 2001, '0177971640', 'Available', 'Navicat Monitor is a safe, simple and agentless remote server monitoring tool that is packed with powerful features to make your monitoring effective as possible. The Synchronize to Database function will give you a full picture of all database difference', '2018-03-07 11:03:41', '2020-08-20 08:08:36');
INSERT INTO `vehicles` VALUES (49, 'Sports Car', 'Company Vehicle', 2010, '4938355585', 'Unavailable', 'To successfully establish a new connection to local/remote server - no matter via SSL, SSH or HTTP, set the database login information in the General tab. Navicat is a multi-connections Database Administration tool allowing you to connect to MySQL, Oracle', '2005-04-17 01:02:36', '2019-03-12 06:54:56');
INSERT INTO `vehicles` VALUES (50, 'Car', 'Company Vehicle', 2018, '5899560772', 'Unavailable', 'Export Wizard allows you to export data from tables, collections, views, or query results to any available formats. Import Wizard allows you to import data to tables/collections from CSV, TXT, XML, DBF and more. If you wait, all that happens is you get ol', '2001-02-04 06:05:21', '2004-06-30 12:46:09');
INSERT INTO `vehicles` VALUES (51, 'Dune Buggy', 'Rental Vehicle', 2020, '2372957404', 'Available', 'Monitored servers include MySQL, MariaDB and SQL Server, and compatible with cloud databases like Amazon RDS, Amazon Aurora, Oracle Cloud, Google Cloud and Microsoft Azure. It can also manage cloud databases such as Amazon Redshift, Amazon RDS, Alibaba Cl', '2010-04-06 23:34:33', '2022-04-20 17:34:04');
INSERT INTO `vehicles` VALUES (52, 'Excavator Roller', 'Company Vehicle', 1999, '6544279132', 'Available', 'Navicat is a multi-connections Database Administration tool allowing you to connect to MySQL, Oracle, PostgreSQL, SQLite, SQL Server, MariaDB and/or MongoDB databases, making database administration to multiple kinds of database so easy.', '2014-04-01 03:07:55', '2018-02-05 02:43:23');
INSERT INTO `vehicles` VALUES (53, 'Auto Rickshaw', 'Rental Vehicle', 2013, '1801349244', 'Unavailable', 'I will greet this day with love in my heart. Actually it is just in an idea when feel oneself can achieve and cannot achieve. Import Wizard allows you to import data to tables/collections from CSV, TXT, XML, DBF and more. Navicat Monitor requires a reposi', '2001-08-15 03:04:20', '2012-06-26 22:11:20');
INSERT INTO `vehicles` VALUES (54, 'Donkey Cart', 'Rental Vehicle', 2002, '0836185603', 'Unavailable', 'The Information Pane shows the detailed object information, project activities, the DDL of database objects, object dependencies, membership of users/roles and preview. Flexible settings enable you to set up a custom key for comparison and synchronization', '2001-11-22 07:48:37', '2013-09-03 23:52:26');
INSERT INTO `vehicles` VALUES (55, 'Tow Truck', 'Rental Vehicle', 2020, '0123784468', 'Unavailable', 'To connect to a database or schema, simply double-click it in the pane. What you get by achieving your goals is not as important as what you become by achieving your goals. You will succeed because most people are lazy. The On Startup feature allows you t', '2006-04-07 18:03:34', '2020-09-10 15:00:23');
INSERT INTO `vehicles` VALUES (56, 'Semitrailer Truck', 'Company Vehicle', 2006, '4022831884', 'Unavailable', 'I will greet this day with love in my heart. In other words, Navicat provides the ability for data in different databases and/or schemas to be kept up-to-date so that each repository contains the same information. Navicat 15 has added support for the syst', '2020-02-06 04:33:23', '2019-04-14 22:20:13');
INSERT INTO `vehicles` VALUES (57, 'Caravan', 'Company Vehicle', 2006, '3773026838', 'Unavailable', 'Navicat provides a wide range advanced features, such as compelling code editing capabilities, smart code-completion, SQL formatting, and more. The Information Pane shows the detailed object information, project activities, the DDL of database objects, ob', '2019-03-06 13:42:12', '2013-10-22 01:35:58');
INSERT INTO `vehicles` VALUES (58, 'Notchback', 'Company Vehicle', 2021, '0379159180', 'Available', 'Navicat provides powerful tools for working with queries: Query Editor for editing the query text directly, and Query Builder, Find Builder or Aggregate Builder for building queries visually. Navicat Monitor requires a repository to store alerts and metri', '2019-08-09 19:48:33', '2000-03-14 16:45:43');
INSERT INTO `vehicles` VALUES (59, 'Truck', 'Rental Vehicle', 1997, '6268988192', 'Available', 'Anyone who has ever made anything of importance was disciplined. I destroy my enemies when I make them my friends. If it scares you, it might be a good thing to try. The repository database can be an existing MySQL, MariaDB, PostgreSQL, SQL Server, or Ama', '2012-09-26 12:41:05', '2013-11-11 05:06:11');
INSERT INTO `vehicles` VALUES (60, 'Bullock Cart', 'Company Vehicle', 2017, '4094708422', 'Unavailable', 'Navicat Monitor is a safe, simple and agentless remote server monitoring tool that is packed with powerful features to make your monitoring effective as possible. To clear or reload various internal caches, flush tables, or acquire locks, control-click yo', '2003-04-06 00:15:06', '2009-11-08 06:11:27');
INSERT INTO `vehicles` VALUES (61, 'Horse Carnage', 'Rental Vehicle', 1996, '6236171405', 'Unavailable', 'Navicat 15 has added support for the system-wide dark mode. Genius is an infinite capacity for taking pains. To start working with your server in Navicat, you should first establish a connection or several connections using the Connection window.', '2005-03-05 20:23:47', '2002-09-01 08:44:51');
INSERT INTO `vehicles` VALUES (62, 'Riding Lawnmower', 'Rental Vehicle', 2002, '7878830866', 'Unavailable', 'The Main Window consists of several toolbars and panes for you to work on connections, database objects and advanced tools. The past has no power over the present moment. Always keep your eyes open. Keep watching. Because whatever you see can inspire you.', '2015-06-24 12:43:04', '2006-02-15 05:18:57');
INSERT INTO `vehicles` VALUES (63, 'Mobility Scooter', 'Company Vehicle', 2018, '5277057315', 'Unavailable', 'Always keep your eyes open. Keep watching. Because whatever you see can inspire you. Secure Sockets Layer(SSL) is a protocol for transmitting private documents via the Internet. To successfully establish a new connection to local/remote server - no matter', '2021-09-19 23:28:41', '2017-11-22 18:14:05');
INSERT INTO `vehicles` VALUES (64, 'Horse Carnage', 'Rental Vehicle', 2006, '7085112064', 'Available', 'A mans best friends are his ten fingers. The On Startup feature allows you to control what tabs appear when you launch Navicat. How we spend our days is, of course, how we spend our lives. Always keep your eyes open. Keep watching. Because whatever you s', '2005-03-23 05:53:35', '2002-03-12 18:21:43');
INSERT INTO `vehicles` VALUES (65, 'Motorcycle', 'Rental Vehicle', 2015, '2699936063', 'Unavailable', 'I will greet this day with love in my heart. The repository database can be an existing MySQL, MariaDB, PostgreSQL, SQL Server, or Amazon RDS instance. If the Show objects under schema in navigation pane option is checked at the Preferences window, all da', '2012-04-10 23:01:56', '2006-02-17 22:32:55');
INSERT INTO `vehicles` VALUES (66, 'Camper', 'Rental Vehicle', 2021, '4890430137', 'Unavailable', 'The Navigation pane employs tree structure which allows you to take action upon the database and their objects through their pop-up menus quickly and easily. Navicat allows you to transfer data from one database and/or schema to another with detailed anal', '2010-11-29 01:48:16', '2008-09-19 22:07:49');
INSERT INTO `vehicles` VALUES (67, 'Sports Car', 'Company Vehicle', 2001, '7797075684', 'Unavailable', 'To start working with your server in Navicat, you should first establish a connection or several connections using the Connection window. Navicat is a multi-connections Database Administration tool allowing you to connect to MySQL, Oracle, PostgreSQL, SQL', '2004-12-22 17:11:11', '2015-08-03 04:08:23');
INSERT INTO `vehicles` VALUES (68, 'Double-Decker Bus', 'Rental Vehicle', 2015, '7727053832', 'Unavailable', 'A query is used to extract data from the database in a readable format according to the user\'s request. Secure SHell (SSH) is a program to log in into another computer over a network, execute commands on a remote server, and move files from one machine to', '2011-11-25 15:59:01', '2009-08-08 03:21:13');
INSERT INTO `vehicles` VALUES (69, 'Liftback', 'Rental Vehicle', 2004, '4383819084', 'Available', 'A mans best friends are his ten fingers. If it scares you, it might be a good thing to try. It collects process metrics such as CPU load, RAM usage, and a variety of other resources over SSH/SNMP.', '2010-10-18 11:31:20', '2008-04-16 03:06:02');
INSERT INTO `vehicles` VALUES (70, 'Off The Reader', 'Rental Vehicle', 2018, '7063861765', 'Unavailable', 'Difficult circumstances serve as a textbook of life for people. What you get by achieving your goals is not as important as what you become by achieving your goals. It provides strong authentication and secure encrypted communications between two hosts, k', '2003-01-13 08:52:43', '2004-04-12 19:18:47');
INSERT INTO `vehicles` VALUES (71, 'Bullock Cart', 'Company Vehicle', 2024, '5474462498', 'Available', 'A man is not old until regrets take the place of dreams. Navicat Data Modeler is a powerful and cost-effective database design tool which helps you build high-quality conceptual, logical and physical data models.', '2016-02-05 03:38:25', '2013-01-15 09:13:25');
INSERT INTO `vehicles` VALUES (72, 'Pickup Truck', 'Company Vehicle', 1996, '5342825241', 'Available', 'How we spend our days is, of course, how we spend our lives. I destroy my enemies when I make them my friends. SQL Editor allows you to create and edit SQL text, prepare and execute selected queries. SQL Editor allows you to create and edit SQL text, prep', '2010-11-12 16:37:31', '2007-02-10 15:04:22');
INSERT INTO `vehicles` VALUES (73, 'Multipurpose Vehicle (Mpv)', 'Company Vehicle', 2005, '0222284929', 'Available', 'It can also manage cloud databases such as Amazon Redshift, Amazon RDS, Alibaba Cloud. Features in Navicat are sophisticated enough to provide professional developers for all their specific needs, yet easy to learn for users who are new to database server', '2006-11-01 04:53:11', '2017-09-10 08:22:58');
INSERT INTO `vehicles` VALUES (74, 'Truck', 'Company Vehicle', 2001, '7280647739', 'Available', 'A comfort zone is a beautiful place, but nothing ever grows there. After comparing data, the window shows the number of records that will be inserted, updated or deleted in the target.', '2008-06-11 06:08:19', '2015-10-09 09:23:00');
INSERT INTO `vehicles` VALUES (75, 'Coach', 'Company Vehicle', 2006, '8657758023', 'Unavailable', 'How we spend our days is, of course, how we spend our lives. It is used while your ISPs do not allow direct connections, but allows establishing HTTP connections. I may not have gone where I intended to go, but I think I have ended up where I needed to be', '2000-03-05 15:43:32', '2005-12-16 01:34:19');
INSERT INTO `vehicles` VALUES (76, 'Riding Lawnmower', 'Company Vehicle', 2019, '6453356931', 'Unavailable', 'To open a query using an external editor, control-click it and select Open with External Editor. You can set the file path of an external editor in Preferences. Genius is an infinite capacity for taking pains.', '2001-11-28 01:38:41', '2006-02-17 17:17:29');
INSERT INTO `vehicles` VALUES (77, 'Car', 'Rental Vehicle', 2012, '2368082629', 'Unavailable', 'Always keep your eyes open. Keep watching. Because whatever you see can inspire you. The Main Window consists of several toolbars and panes for you to work on connections, database objects and advanced tools.', '2003-12-14 02:30:00', '2011-03-31 13:03:27');
INSERT INTO `vehicles` VALUES (78, 'Mobility Scooter', 'Rental Vehicle', 2014, '6355128747', 'Available', 'In the middle of winter I at last discovered that there was in me an invincible summer. If you wait, all that happens is you get older.', '2017-11-15 07:05:38', '2020-01-07 10:38:11');
INSERT INTO `vehicles` VALUES (79, 'Bullock Cart', 'Company Vehicle', 2009, '4208503479', 'Available', 'Genius is an infinite capacity for taking pains. Always keep your eyes open. Keep watching. Because whatever you see can inspire you.', '2002-06-15 06:55:21', '2004-01-23 06:55:10');
INSERT INTO `vehicles` VALUES (80, 'Coaster', 'Rental Vehicle', 2019, '2154921246', 'Unavailable', 'Monitored servers include MySQL, MariaDB and SQL Server, and compatible with cloud databases like Amazon RDS, Amazon Aurora, Oracle Cloud, Google Cloud and Microsoft Azure. Navicat is a multi-connections Database Administration tool allowing you to connec', '2010-10-22 19:14:11', '2009-11-01 22:48:50');
INSERT INTO `vehicles` VALUES (81, 'Limousine', 'Company Vehicle', 2021, '0517029057', 'Unavailable', 'Typically, it is employed as an encrypted version of Telnet. Such sessions are also susceptible to session hijacking, where a malicious user takes over your session once you have authenticated. In a Telnet session, all communications, including username a', '2002-03-31 19:24:48', '2004-11-06 07:09:08');
INSERT INTO `vehicles` VALUES (82, 'Fastback', 'Company Vehicle', 2014, '5951454051', 'Unavailable', 'Typically, it is employed as an encrypted version of Telnet. The reason why a great man is great is that he resolves to be a great man. After comparing data, the window shows the number of records that will be inserted, updated or deleted in the target.', '2009-07-22 00:49:34', '2021-04-28 10:39:17');
INSERT INTO `vehicles` VALUES (83, 'Hardtop Coupe', 'Company Vehicle', 1996, '3200870948', 'Available', 'Actually it is just in an idea when feel oneself can achieve and cannot achieve. You will succeed because most people are lazy. Navicat Monitor is a safe, simple and agentless remote server monitoring tool that is packed with powerful features to make you', '2021-09-04 17:17:10', '2016-06-21 17:55:56');
INSERT INTO `vehicles` VALUES (84, 'Donkey Cart', 'Rental Vehicle', 2014, '9728005010', 'Available', 'Navicat Data Modeler enables you to build high-quality conceptual, logical and physical data models for a wide variety of audiences. Navicat authorizes you to make connection to remote servers running on different platforms (i.e. Windows, macOS, Linux and', '2022-05-03 05:59:30', '2005-01-27 05:43:43');
INSERT INTO `vehicles` VALUES (85, 'Tanker Truck', 'Rental Vehicle', 2012, '9356011921', 'Unavailable', 'Secure Sockets Layer(SSL) is a protocol for transmitting private documents via the Internet. Always keep your eyes open. Keep watching. Because whatever you see can inspire you. Typically, it is employed as an encrypted version of Telnet. If your Internet', '2010-09-29 03:10:20', '2016-03-24 13:30:14');
INSERT INTO `vehicles` VALUES (86, 'Tanker Truck', 'Rental Vehicle', 2015, '7769580175', 'Available', 'Navicat is a multi-connections Database Administration tool allowing you to connect to MySQL, Oracle, PostgreSQL, SQLite, SQL Server, MariaDB and/or MongoDB databases, making database administration to multiple kinds of database so easy.', '2001-02-22 01:50:39', '2016-01-30 14:48:48');
INSERT INTO `vehicles` VALUES (87, 'Delivery Van', 'Company Vehicle', 2014, '2321201451', 'Unavailable', 'A man is not old until regrets take the place of dreams. I may not have gone where I intended to go, but I think I have ended up where I needed to be. The Information Pane shows the detailed object information, project activities, the DDL of database obje', '2012-06-12 01:27:09', '2009-01-23 23:13:57');
INSERT INTO `vehicles` VALUES (88, 'Rickshaw', 'Rental Vehicle', 1998, '1912333327', 'Unavailable', 'The repository database can be an existing MySQL, MariaDB, PostgreSQL, SQL Server, or Amazon RDS instance. Navicat Data Modeler enables you to build high-quality conceptual, logical and physical data models for a wide variety of audiences.', '2017-03-20 21:45:20', '2007-05-03 10:37:51');
INSERT INTO `vehicles` VALUES (89, 'Delivery Van', 'Rental Vehicle', 1999, '3312325815', 'Available', 'There is no way to happiness. Happiness is the way. Navicat Cloud could not connect and access your databases. By which it means, it could only store your connection settings, queries, model files, and virtual group; your database passwords and data (e.g.', '2012-06-27 00:17:02', '2019-10-02 20:32:13');
INSERT INTO `vehicles` VALUES (90, 'Bullock Cart', 'Company Vehicle', 2002, '6828258410', 'Available', 'To clear or reload various internal caches, flush tables, or acquire locks, control-click your connection in the Navigation pane and select Flush and choose the flush option. You must have the reload privilege to use this feature.', '2007-11-03 23:48:57', '2006-12-20 16:20:33');
INSERT INTO `vehicles` VALUES (91, 'Van,', 'Company Vehicle', 2004, '5027807324', 'Unavailable', 'A mans best friends are his ten fingers. The On Startup feature allows you to control what tabs appear when you launch Navicat. A mans best friends are his ten fingers. Anyone who has ever made anything of importance was disciplined.', '2016-03-18 05:01:06', '2014-06-15 01:13:34');
INSERT INTO `vehicles` VALUES (92, 'Sports Utility Vehicle (Suv)', 'Rental Vehicle', 2018, '2354014116', 'Unavailable', 'How we spend our days is, of course, how we spend our lives. It is used while your ISPs do not allow direct connections, but allows establishing HTTP connections.', '2004-12-09 22:02:22', '2003-06-05 19:53:45');
INSERT INTO `vehicles` VALUES (93, 'Go-Kart', 'Company Vehicle', 1997, '3701739404', 'Available', 'Navicat is a multi-connections Database Administration tool allowing you to connect to MySQL, Oracle, PostgreSQL, SQLite, SQL Server, MariaDB and/or MongoDB databases, making database administration to multiple kinds of database so easy. Anyone who has ev', '2012-08-07 04:17:40', '2004-07-24 15:52:04');
INSERT INTO `vehicles` VALUES (94, 'Hardtop Coupe', 'Company Vehicle', 2019, '4550583830', 'Available', 'Navicat Monitor can be installed on any local computer or virtual machine and does not require any software installation on the servers being monitored.', '2015-02-19 14:58:02', '2012-08-01 10:20:28');
INSERT INTO `vehicles` VALUES (95, 'Pickup Truck', 'Rental Vehicle', 2001, '9826426809', 'Available', 'HTTP Tunneling is a method for connecting to a server that uses the same protocol (http://) and the same port (port 80) as a web server does.', '2002-04-13 05:57:32', '2014-03-11 22:07:32');
INSERT INTO `vehicles` VALUES (96, 'Golf Cart', 'Rental Vehicle', 2007, '5022040859', 'Available', 'Navicat Monitor is a safe, simple and agentless remote server monitoring tool that is packed with powerful features to make your monitoring effective as possible. SSH serves to prevent such vulnerabilities and allows you to access a remote server\'s shell ', '2005-01-24 11:27:54', '2021-05-31 16:04:04');
INSERT INTO `vehicles` VALUES (97, 'Auto Rickshaw', 'Rental Vehicle', 2021, '4001596233', 'Available', 'The reason why a great man is great is that he resolves to be a great man. If opportunity doesnt knock, build a door. Anyone who has ever made anything of importance was disciplined. In the middle of winter I at last discovered that there was in me an in', '2008-11-24 07:10:15', '2021-10-25 11:50:19');
INSERT INTO `vehicles` VALUES (98, 'Bus Minibus', 'Company Vehicle', 2002, '9217300877', 'Available', 'I will greet this day with love in my heart. A comfort zone is a beautiful place, but nothing ever grows there. Export Wizard allows you to export data from tables, collections, views, or query results to any available formats.', '2012-12-14 12:16:52', '2012-08-25 21:57:33');
INSERT INTO `vehicles` VALUES (99, 'Tanker Truck', 'Company Vehicle', 2001, '4619567964', 'Available', 'You must be the change you wish to see in the world. Sometimes you win, sometimes you learn. Remember that failure is an event, not a person. Navicat Data Modeler is a powerful and cost-effective database design tool which helps you build high-quality con', '2014-08-09 01:08:51', '2020-11-03 08:08:56');
INSERT INTO `vehicles` VALUES (100, 'Hardtop Coupe', 'Rental Vehicle', 2000, '7915994857', 'Available', 'Navicat allows you to transfer data from one database and/or schema to another with detailed analytical process. A man is not old until regrets take the place of dreams. Import Wizard allows you to import data to tables/collections from CSV, TXT, XML, DBF', '2004-02-01 10:19:39', '2021-08-25 13:55:09');

-- ----------------------------
-- Procedure structure for gradesById
-- ----------------------------
DROP PROCEDURE IF EXISTS `gradesById`;
delimiter ;;
CREATE PROCEDURE `gradesById`(IN users_id int)
BEGIN 
            SELECT users.name, users.username, grades.grade, grades.position FROM users JOIN grades ON users.grades_id = grades.id WHERE users.id =  users_id;
            END
;;
delimiter ;

SET FOREIGN_KEY_CHECKS = 1;
